"","studygroup","pellgrant","science","socsci","specificity","constructiveness","positivity","whitestudent","female","relgrade","femalefaculty","facultygrades","yrs_experience","class_size","student_num"
"1",2,1,1,0,3.33333325386047,4.33333349227905,2.33333325386047,0,1,0.986666679382324,0,1.01759564876556,3,3,749
"2",3,0,1,0,3.33333325386047,3,5,1,0,0.951831519603729,0,1.01759564876556,3,1,1304
"3",3,0,1,0,2.33333325386047,2.66666674613953,5,1,1,1.01704239845276,0,1.01759564876556,3,3,779
"4",3,1,1,0,4,2.66666674613953,2,1,1,0.997304618358612,0,1.01759564876556,3,3,332
"5",3,0,1,0,4.66666650772095,2.66666674613953,5,1,1,1.05714285373688,0,1.01759564876556,3,2,1090
"6",1,1,1,0,3.33333325386047,3,5,1,0,1.0036495923996,0,1.01759564876556,3,3,945
"7",1,0,1,0,1.33333337306976,2.33333325386047,4.66666650772095,1,0,1.01910829544067,0,1.01759564876556,3,3,394
"8",1,0,1,0,1.66666662693024,2.33333325386047,3,0,1,1.01886796951294,0,1.01759564876556,3,3,1282
"9",2,0,1,0,1.66666662693024,1.66666662693024,5,1,0,1.59036147594452,0,1.01759564876556,3,2,914
"10",1,1,1,0,2.33333325386047,3.33333325386047,4,0,1,1.07700598239899,0,1.01759564876556,3,3,446
"11",1,1,1,0,2.66666674613953,2.66666674613953,4.66666650772095,0,1,1.10119044780731,0,1.01759564876556,3,3,89
"12",1,0,1,0,3.33333325386047,2.66666674613953,5,1,1,1,0,1.01759564876556,3,2,942
"13",1,0,1,0,2.66666674613953,2.66666674613953,5,1,1,0.87347799539566,0,1.01759564876556,3,1,976
"14",2,0,1,0,2.33333325386047,4,4.33333349227905,1,1,1.1297709941864,0,1.01759564876556,3,2,624
"15",2,0,1,0,3.33333325386047,3,4,1,1,0.961038947105408,0,1.01759564876556,3,3,642
"16",3,1,1,0,3.33333325386047,2.66666674613953,5,1,0,1.01910829544067,0,1.01759564876556,3,3,523
"17",3,0,1,0,2.33333325386047,2,5,1,1,1.05876123905182,0,1.01759564876556,3,3,976
"18",1,1,1,0,4,2.66666674613953,5,0,1,0.857142865657806,0,1.01759564876556,3,2,1263
"19",3,0,1,0,2,2,5,0,0,0.923076927661896,0,1.01759564876556,3,1,813
"20",1,1,1,0,3.66666674613953,3.66666674613953,4.33333349227905,0,1,1.12264943122864,0,1.01759564876556,3,3,139
"21",3,0,1,0,3,2.33333325386047,5,1,0,1.23711335659027,0,1.01759564876556,3,2,921
"22",1,0,1,0,4,3,4.66666650772095,1,1,0.808407425880432,0,1.01759564876556,3,1,1114
"23",1,0,1,0,2.33333325386047,2.33333325386047,5,0,1,1.04058277606964,0,1.01759564876556,3,2,437
"24",3,0,1,0,3.66666674613953,3,5,1,1,0.99703586101532,0,1.01759564876556,3,2,1114
"25",1,0,1,0,4,2.66666674613953,5,1,1,1.00680267810822,0,1.01759564876556,3,2,913
"26",2,0,1,0,2.33333325386047,1.66666662693024,5,1,1,0.976768732070923,0,1.01759564876556,3,3,800
"27",1,0,1,0,1,2,4.66666650772095,1,1,1.05263161659241,0,1.01759564876556,3,3,814
"28",2,0,1,0,2.33333325386047,2.33333325386047,5,1,1,0.816326558589935,0,1.01759564876556,3,1,913
"29",2,0,1,0,1.66666662693024,2,5,1,1,0.870967745780945,0,1.01759564876556,3,1,422
"30",2,0,1,0,2.66666674613953,2.33333325386047,5,1,1,0.946291565895081,0,1.01759564876556,3,3,163
"31",1,0,1,0,4.66666650772095,3.33333325386047,5,1,1,1,0,1.01759564876556,3,1,507
"32",3,0,1,0,4.66666650772095,4.33333349227905,4,1,0,0.963541686534882,0,1.01759564876556,3,3,715
"33",2,0,1,0,1.33333337306976,1.66666662693024,4.33333349227905,1,1,1.06451606750488,0,1.01759564876556,3,3,422
"34",3,0,1,0,1.66666662693024,2,5,1,0,1.01910829544067,0,1.01759564876556,3,2,1361
"35",1,0,1,0,2.66666674613953,3,4.66666650772095,1,1,1.01910829544067,0,1.01759564876556,3,2,1145
"36",3,0,1,0,4.33333349227905,3,5,1,1,1.04904270172119,0,1.01759564876556,3,3,464
"37",2,1,0,1,1,1.66666662693024,5,0,0,1,0,1.00712335109711,3,2,1150
"38",1,0,0,1,3.66666674613953,3.66666674613953,4,1,1,1,0,1.00712335109711,3,3,1248
"39",3,1,0,1,2.66666674613953,2.33333325386047,5,0,1,0.973684251308441,0,1.00712335109711,3,3,1325
"40",2,0,0,1,2,2,5,1,1,0.923076927661896,0,1.00712335109711,3,2,1386
"41",1,0,0,1,2.33333325386047,2.66666674613953,5,1,0,1.01910829544067,0,1.00712335109711,3,3,1269
"42",2,0,0,1,3.33333325386047,2.33333325386047,5,0,0,1.02564108371735,0,1.00712335109711,3,3,1328
"43",2,1,0,1,4.33333349227905,3.66666674613953,2.33333325386047,1,1,1.02777779102325,0,1.00712335109711,3,3,1057
"44",3,0,0,1,4.33333349227905,3,5,1,1,1.05714285373688,0,1.00712335109711,3,3,581
"45",2,0,0,1,4.66666650772095,3.33333325386047,4.66666650772095,1,1,0.942675173282623,0,1.00712335109711,3,3,620
"46",3,0,0,1,1,1.66666662693024,4.66666650772095,1,1,0.932203352451324,0,1.00712335109711,3,3,1338
"47",1,1,0,1,2.33333325386047,3,4,1,0,0.961038947105408,0,1.00712335109711,3,2,1236
"48",2,0,0,1,4.33333349227905,3.33333325386047,2.33333325386047,1,1,0.879999995231628,0,1.00712335109711,3,2,1239
"49",2,0,0,1,4.66666650772095,4.33333349227905,4.33333349227905,1,1,1.11888110637665,0,1.00712335109711,3,3,452
"50",2,0,0,1,2.66666674613953,2.66666674613953,5,0,1,1.11223459243774,0,1.00712335109711,3,3,675
"51",1,0,0,1,3.33333325386047,1.66666662693024,5,1,0,0.961038947105408,0,1.00712335109711,3,3,1137
"52",3,0,0,1,1.33333337306976,1.66666662693024,5,1,0,1.23333334922791,0,1.00712335109711,3,2,1288
"53",1,0,0,1,1.66666662693024,2.33333325386047,4.33333349227905,1,0,1.04575169086456,0,1.00712335109711,3,3,390
"54",1,0,0,1,1.33333337306976,2.33333325386047,5,1,0,1.11278200149536,0,1.00712335109711,3,2,1262
"55",3,0,0,1,3.66666674613953,4,3.66666674613953,1,0,0.961038947105408,0,1.00712335109711,3,2,1336
"56",1,1,0,1,3.66666674613953,2.66666674613953,4.66666650772095,0,1,0.986666679382324,0,1.00712335109711,3,3,1323
"57",1,0,0,1,1.66666662693024,1.66666662693024,5,1,1,0.973684251308441,0,1.00712335109711,3,2,1251
"58",2,0,0,1,3.33333325386047,2.66666674613953,5,1,0,0.953608274459839,0,1.00712335109711,3,2,1404
"59",2,0,0,1,1,1.66666662693024,5,1,0,1,0,1.00712335109711,3,2,1224
"60",3,1,0,1,3.33333325386047,3.33333325386047,4,1,0,0.985074639320374,0,1.00712335109711,3,3,1077
"61",1,0,0,1,1,1.66666662693024,5,1,0,0.980132460594177,0,1.00712335109711,3,3,501
"62",1,0,0,1,2.33333325386047,2.66666674613953,4,1,1,0.942857146263123,0,1.00712335109711,3,2,1167
"63",2,0,0,1,2.66666674613953,3.33333325386047,3.33333325386047,1,0,1.09589040279388,0,1.00712335109711,3,3,592
"64",1,0,0,1,2.66666674613953,3,4,0,1,0.961038947105408,0,1.00712335109711,3,2,1196
"65",3,0,0,1,3,2.33333325386047,5,0,1,0.980132460594177,0,1.00712335109711,3,3,1130
"66",2,0,0,1,2.33333325386047,2,5,1,1,1.06720507144928,0,1.00712335109711,3,3,1255
"67",1,0,0,1,1.66666662693024,2.33333325386047,3,1,0,1.03896105289459,0,1.01768028736115,3,1,1241
"68",1,0,0,1,4.33333349227905,4,4,0,1,1,0,1.01768028736115,3,2,84
"69",1,0,0,1,3.66666674613953,3,4.66666650772095,1,1,1,0,1.01768028736115,3,2,110
"70",1,0,0,1,4.66666650772095,4.66666650772095,4.33333349227905,1,1,0.980132460594177,0,1.01768028736115,3,2,13
"71",2,0,0,1,4.33333349227905,4,3,1,0,0.923076927661896,0,1.01768028736115,3,2,215
"72",1,0,0,1,1,1.66666662693024,5,0,0,1.13846158981323,0,1.01768028736115,3,2,255
"73",3,0,0,1,2.66666674613953,2.33333325386047,4.66666650772095,1,0,1.24528300762177,0,1.01768028736115,3,2,559
"74",2,0,0,1,4.33333349227905,2.66666674613953,5,1,1,1.04302477836609,0,1.01768028736115,3,2,206
"75",1,0,0,1,1.33333337306976,2,5,1,0,1.02777779102325,0,1.01768028736115,3,2,804
"76",1,0,0,1,4,2.66666674613953,5,0,0,0.942857146263123,0,1.01768028736115,3,2,365
"77",3,0,0,1,1.66666662693024,2,5,0,0,1.08029198646545,0,1.01768028736115,3,2,383
"78",3,0,0,1,4.33333349227905,3,5,1,0,0.923076927661896,0,1.01768028736115,3,2,360
"79",3,0,0,1,2,2,5,1,1,1.03896105289459,0,1.01768028736115,3,2,524
"80",2,0,0,1,2,2,5,0,1,0.992481172084808,0,1.01768028736115,3,2,441
"81",1,0,0,1,2.66666674613953,2,5,1,0,1.00680267810822,0,1.01768028736115,3,2,438
"82",2,0,0,1,2.66666674613953,2.33333325386047,5,1,0,0.887096762657166,0,1.01768028736115,3,1,1404
"83",3,0,0,1,1.33333337306976,2,5,1,0,1.03496503829956,0,1.01768028736115,3,2,366
"84",2,0,0,1,1.66666662693024,2.33333325386047,3,1,0,1,0,1.01768028736115,3,2,515
"85",3,0,0,1,3.66666674613953,3,5,0,1,0.961038947105408,0,1.01768028736115,3,2,628
"86",3,1,0,1,3.33333325386047,2.66666674613953,5,0,1,1,0,1.01768028736115,3,1,1325
"87",2,0,0,1,1,1.66666662693024,5,1,1,0.923076927661896,0,1.01768028736115,3,2,711
"88",2,0,0,1,3.66666674613953,3,5,1,1,1,0,1.01768028736115,3,2,485
"89",3,0,0,1,3.66666674613953,2.33333325386047,5,0,0,1.13846158981323,0,1.01768028736115,3,2,177
"90",3,0,0,1,4.66666650772095,3.66666674613953,2.33333325386047,1,1,0.897959172725677,0,1.01768028736115,3,2,773
"91",2,1,0,1,1,1.66666662693024,5,0,0,1.200119972229,0,1.01768028736115,3,2,671
"92",1,0,0,1,1,1.66666662693024,5,0,0,NA,0,1.01768028736115,3,2,538
"93",1,0,0,1,2.33333325386047,2,5,1,1,0.952380955219269,0,1.01768028736115,3,2,150
"94",2,1,0,1,4.66666650772095,3.33333325386047,5,1,0,1,0,1.01768028736115,3,2,232
"95",2,0,0,1,2,2,5,1,0,0.973684251308441,0,1.01768028736115,3,1,1262
"96",1,0,0,1,3.33333325386047,2.66666674613953,4.66666650772095,1,0,0.942675173282623,0,1.01768028736115,3,2,170
"97",1,0,0,1,3.66666674613953,3.33333325386047,5,0,0,1.16504859924316,0,1.01768028736115,3,2,494
"98",1,0,0,1,1,1.66666662693024,5,0,1,0.942857146263123,0,1.01768028736115,3,2,29
"99",2,0,0,1,1.33333337306976,1.66666662693024,5,0,0,1.19262742996216,0,1.01768028736115,3,2,274
"100",1,1,0,1,3,4,1.66666662693024,1,0,1,0,1.01768028736115,3,1,1236
"101",2,0,0,1,2.66666674613953,2.33333325386047,5,1,0,0.986666679382324,0,1.01768028736115,3,1,1137
"102",2,0,0,1,2.33333325386047,2.33333325386047,5,0,0,1.03896105289459,0,1.01768028736115,3,2,164
"103",1,0,0,0,4.33333349227905,3.33333325386047,3.66666674613953,1,1,1.01910829544067,1,1.03257501125336,3,1,74
"104",3,1,0,0,4.33333349227905,3,5,1,1,1.01910829544067,1,1.03257501125336,3,1,254
"105",2,0,0,0,5,3.33333325386047,5,1,1,1.11888110637665,1,1.03257501125336,3,1,711
"106",1,0,0,0,4,3,4.66666650772095,0,1,NA,1,1.03257501125336,3,1,156
"107",3,0,0,0,4.33333349227905,2,4.66666650772095,1,1,1.01910829544067,1,1.03257501125336,3,2,620
"108",3,0,0,0,4.66666650772095,4.33333349227905,2,0,1,0.901639342308044,1,1.03257501125336,3,2,1379
"109",2,0,0,0,3,2.33333325386047,5,1,0,1.04575169086456,1,1.03257501125336,3,2,1037
"110",2,0,0,0,5,4.66666650772095,3.66666674613953,1,1,0.948717951774597,1,1.03257501125336,3,2,1374
"111",2,0,0,0,3.33333325386047,3.33333325386047,1,1,1,0.92800897359848,1,1.03257501125336,3,2,557
"112",1,0,0,0,4.33333349227905,2.66666674613953,5,1,1,1.06666672229767,1,1.03257501125336,3,2,599
"113",2,0,0,0,2.33333325386047,2.33333325386047,5,0,1,1.02777779102325,1,1.03257501125336,3,1,64
"114",1,0,0,0,5,3.66666674613953,5,1,1,0.948717951774597,1,1.03257501125336,3,2,1164
"115",1,0,0,0,4,2.33333325386047,4.33333349227905,1,1,1,1,1.03257501125336,3,2,987
"116",1,0,0,0,5,4,4.66666650772095,0,1,0.942857146263123,1,1.03257501125336,3,1,19
"117",1,0,0,0,4.66666650772095,3.66666674613953,4,1,1,1.57446813583374,1,1.03257501125336,3,1,154
"118",1,0,0,0,1.66666662693024,2.33333325386047,5,1,0,1.08029198646545,1,1.03257501125336,3,2,1099
"119",3,1,0,0,2.33333325386047,2.33333325386047,4,0,0,1.07843136787415,1,1.03257501125336,3,1,1012
"120",1,0,0,0,3.33333325386047,2.33333325386047,4.66666650772095,0,1,0.961038947105408,1,1.03257501125336,3,1,145
"121",1,1,0,0,3.66666674613953,3.33333325386047,5,0,0,1.02777779102325,1,1.03257501125336,3,2,1176
"122",2,0,0,0,1.33333337306976,1.66666662693024,5,0,0,1.04964542388916,1,1.03257501125336,3,2,1298
"123",2,0,0,0,3,2.33333325386047,4,1,1,1.04137349128723,1,1.03257501125336,3,1,266
"124",2,0,0,0,3,1.66666662693024,5,0,1,1.02777779102325,1,1.03257501125336,3,2,984
"125",3,0,0,0,1.66666662693024,2.33333325386047,5,0,0,NA,1,1.03257501125336,3,1,597
"126",3,0,0,0,2.33333325386047,3,3.33333325386047,1,1,0.961038947105408,1,1.03257501125336,3,2,1232
"127",2,0,0,0,5,3,5,1,0,0.961038947105408,1,1.03257501125336,3,1,774
"128",3,0,0,1,4,1.66666662693024,5,0,1,0.897959172725677,0,0.91345202922821,3,3,3
"129",1,0,0,1,4.33333349227905,2.66666674613953,4.33333349227905,1,0,1,0,0.91345202922821,3,4,102
"130",3,0,0,1,3,3.66666674613953,3.66666674613953,0,1,0.980132460594177,0,0.91345202922821,3,4,222
"131",2,0,0,1,5,5,3.33333325386047,1,0,0.816326558589935,0,0.91345202922821,3,4,793
"132",3,0,0,1,3.66666674613953,4,3,1,1,0.942675173282623,0,0.91345202922821,3,4,74
"133",3,0,0,1,2.33333325386047,2.66666674613953,4.33333349227905,1,0,0.97488921880722,0,0.91345202922821,3,3,447
"134",2,0,0,1,2,2.33333325386047,3,1,1,0.961038947105408,0,0.91345202922821,3,3,175
"135",1,0,0,1,2.66666674613953,3,4.66666650772095,1,1,1.01910829544067,0,0.91345202922821,3,4,380
"136",2,0,0,1,2.66666674613953,3.33333325386047,4,1,0,1,0,0.91345202922821,3,3,429
"137",1,0,0,1,2.33333325386047,3.33333325386047,2.66666674613953,0,0,1,0,0.91345202922821,3,3,9
"138",2,0,0,1,4.33333349227905,2.66666674613953,4.33333349227905,1,0,0.89991819858551,0,0.91345202922821,3,4,534
"139",3,0,0,1,1,1.66666662693024,5,0,0,0.904109597206116,0,0.91345202922821,3,4,635
"140",1,0,0,1,1.66666662693024,1.66666662693024,2.33333325386047,1,1,0.875912427902222,0,0.91345202922821,3,4,639
"141",2,0,0,1,3.33333325386047,3.33333325386047,4.66666650772095,0,0,0.84375,0,0.91345202922821,3,4,633
"142",2,0,0,1,3.66666674613953,2.66666674613953,5,1,0,1,0,0.91345202922821,3,3,666
"143",3,0,0,1,3.33333325386047,3.66666674613953,3,1,1,0.897959172725677,0,0.91345202922821,3,4,787
"144",3,1,0,1,3.33333325386047,2.66666674613953,4.33333349227905,0,1,0.879999995231628,0,0.91345202922821,3,4,579
"145",1,0,0,1,3.66666674613953,3.66666674613953,3,0,1,0.980132460594177,0,0.91345202922821,3,3,405
"146",2,0,0,1,2,2,4.33333349227905,1,0,0.645161271095276,0,0.91345202922821,3,4,2
"147",1,0,0,1,4.33333349227905,4.33333349227905,3.66666674613953,1,1,0.766666650772095,0,0.91345202922821,3,3,516
"148",2,0,0,1,3.33333325386047,2.66666674613953,5,0,1,0.89552241563797,0,0.91345202922821,3,4,798
"149",3,0,0,1,2,2,4,1,0,0.980132460594177,0,0.91345202922821,3,4,152
"150",1,0,0,1,4.33333349227905,3,2,1,0,0.749906241893768,0,0.91345202922821,3,3,823
"151",1,0,0,1,4.33333349227905,3.33333325386047,3.33333325386047,1,0,0.882352948188782,0,0.91345202922821,3,4,647
"152",2,0,0,1,3,3,4,1,0,0.904109597206116,0,0.91345202922821,3,4,592
"153",2,0,0,1,3.33333325386047,3.33333325386047,3,1,0,0.961038947105408,0,0.91345202922821,3,3,85
"154",1,1,0,1,1.66666662693024,1.66666662693024,3,0,0,0.830769240856171,0,0.91345202922821,3,4,763
"155",3,0,0,1,3,3,2.66666674613953,0,0,0.879999995231628,0,0.91345202922821,3,4,788
"156",2,0,0,1,2.66666674613953,3,4,1,0,1.01910829544067,0,0.91345202922821,3,4,1422
"157",2,0,0,1,4.33333349227905,2.66666674613953,5,1,1,0.949640274047852,0,0.91345202922821,3,4,1050
"158",1,0,0,1,4.66666650772095,3.33333325386047,5,1,1,0.935109078884125,0,0.91345202922821,3,4,643
"159",2,0,0,1,2,2,5,0,1,0.968586385250092,0,0.91345202922821,3,4,522
"160",2,0,0,1,1.66666662693024,2,5,1,0,0.942675173282623,0,0.91345202922821,3,4,375
"161",1,0,0,1,4.66666650772095,3.66666674613953,4,1,1,0.963503658771515,0,0.91345202922821,3,4,791
"162",3,0,0,1,2.33333325386047,2.33333325386047,5,1,1,0.980132460594177,0,0.91345202922821,3,3,23
"163",3,0,0,1,4.33333349227905,3.33333325386047,2,1,0,0.904109597206116,0,0.91345202922821,3,4,535
"164",1,1,0,1,3,2.66666674613953,3.33333325386047,0,1,0.923076927661896,0,0.91345202922821,3,4,541
"165",2,0,0,1,3.66666674613953,3.33333325386047,1.66666662693024,1,1,0.724409461021423,0,0.91345202922821,3,3,607
"166",1,0,0,1,4.33333349227905,3,3.66666674613953,1,1,0.923076927661896,0,0.91345202922821,3,4,636
"167",3,0,0,1,3.33333325386047,2.66666674613953,5,1,1,1.01538455486298,0,0.91345202922821,3,3,476
"168",3,0,0,1,4.33333349227905,3.66666674613953,3.66666674613953,1,0,0.961038947105408,0,0.91345202922821,3,4,170
"169",1,0,0,1,2.33333325386047,2.33333325386047,5,1,1,0.879999995231628,0,0.91345202922821,3,3,697
"170",2,0,0,1,4.66666650772095,4,2.66666674613953,1,0,0.986666679382324,0,0.91345202922821,3,3,1396
"171",1,0,0,1,3,4,3,1,1,0.850393712520599,0,0.91345202922821,3,3,694
"172",1,0,0,1,5,4,3.33333325386047,0,1,0.923076927661896,0,0.91345202922821,3,3,67
"173",2,0,0,1,4.33333349227905,3.33333325386047,1,0,1,0.775193810462952,0,0.91345202922821,3,3,675
"174",2,0,0,1,2.33333325386047,2,5,1,1,1.00680267810822,0,0.91345202922821,3,4,777
"175",1,0,0,1,3.66666674613953,4,3.33333325386047,0,1,0.980132460594177,0,0.91345202922821,3,3,223
"176",1,0,0,1,4,4.33333349227905,4,1,1,0.833333313465118,0,0.91345202922821,3,3,388
"177",2,0,0,1,2,2,5,1,0,0.788321197032928,0,0.91345202922821,3,4,704
"178",2,0,0,1,1.66666662693024,2,5,1,0,0.916030526161194,0,0.91345202922821,3,3,615
"179",2,0,0,1,2,3.33333325386047,4.33333349227905,1,0,0.980132460594177,0,0.91345202922821,3,3,377
"180",1,0,0,1,4,3,5,1,0,1,0,0.895523190498352,3,1,122
"181",3,1,0,1,1,1.66666662693024,5,0,0,0.724409461021423,0,0.895523190498352,3,3,763
"182",1,0,0,1,1.33333337306976,1.66666662693024,5,1,0,0.816326558589935,0,0.895523190498352,3,3,653
"183",2,1,0,1,2.66666674613953,2.33333325386047,3.66666674613953,0,0,0.875912427902222,0,0.895523190498352,3,3,831
"184",3,0,0,1,3,2.66666674613953,5,1,0,1,0,0.895523190498352,3,3,1422
"185",2,0,0,1,1.33333337306976,1,1.33333337306976,0,1,0.766666650772095,0,0.895523190498352,3,3,675
"186",3,0,0,1,3.66666674613953,3,3.66666674613953,1,0,0.77142858505249,0,0.895523190498352,3,3,673
"187",3,0,0,1,3,2.33333325386047,5,1,0,1,0,0.895523190498352,3,1,429
"188",2,0,0,1,3.66666674613953,2.66666674613953,4,0,0,1.01910829544067,0,0.895523190498352,3,3,786
"189",2,0,0,1,2.66666674613953,2.33333325386047,4.33333349227905,1,0,0.970588207244873,0,0.895523190498352,3,3,721
"190",1,1,0,1,3.66666674613953,3,5,0,0,0.846740067005157,0,0.895523190498352,3,3,1052
"191",3,1,0,1,3.33333325386047,3.33333325386047,4,0,1,0.816326558589935,0,0.895523190498352,3,3,857
"192",1,0,0,1,3,2.33333325386047,4.33333349227905,1,1,0.89552241563797,0,0.895523190498352,3,1,685
"193",3,0,0,1,3.66666674613953,3.66666674613953,4.66666650772095,1,1,0.961038947105408,0,0.895523190498352,3,1,582
"194",1,0,0,1,3,2.33333325386047,5,1,1,1.03896105289459,0,0.895523190498352,3,3,380
"195",3,0,0,1,3.66666674613953,3.66666674613953,3.33333325386047,1,0,0.59649121761322,0,0.895523190498352,3,3,968
"196",2,0,0,1,2,2,5,0,0,1.02564108371735,0,0.895523190498352,3,1,9
"197",3,0,0,1,1,2,5,1,0,0.897959172725677,0,0.895523190498352,3,3,438
"198",3,0,0,1,3,4,4,1,0,0.788321197032928,0,0.895523190498352,3,3,776
"199",1,0,0,1,1.66666662693024,2.33333325386047,3,1,0,0.805970191955566,0,0.895523190498352,3,3,710
"200",2,0,0,1,3.66666674613953,2.66666674613953,5,1,1,0.992481172084808,0,0.895523190498352,3,3,476
"201",2,0,0,1,3.33333325386047,2.66666674613953,2.66666674613953,0,1,0.923076927661896,0,0.895523190498352,3,1,223
"202",2,1,0,1,1,1.66666662693024,5,0,0,0.691729307174683,0,0.895523190498352,3,3,540
"203",1,0,0,1,4.66666650772095,3.33333325386047,5,1,0,1,0,0.895523190498352,3,1,102
"204",2,0,0,1,2,2.33333325386047,5,0,1,1.10447764396667,0,0.895523190498352,3,1,893
"205",1,1,0,1,3,2,5,1,0,0.75,0,0.895523190498352,3,3,545
"206",1,0,0,1,3,2.66666674613953,5,1,0,1.01910829544067,0,0.895523190498352,3,1,666
"207",2,1,0,1,3.66666674613953,2.66666674613953,5,0,0,0.875912427902222,0,0.895523190498352,3,3,393
"208",3,0,0,1,3.33333325386047,3.66666674613953,4,1,0,0.661157011985779,0,0.895523190498352,3,1,615
"209",1,0,0,1,3,2.66666674613953,5,1,0,1.01910829544067,0,0.895523190498352,3,3,170
"210",2,0,0,1,2.66666674613953,2.33333325386047,3,0,1,1.01226997375488,0,0.895523190498352,3,3,600
"211",2,0,0,1,3.33333325386047,2.66666674613953,4.33333349227905,1,1,0.942675173282623,0,0.895523190498352,3,1,658
"212",1,0,0,1,2.66666674613953,2,5,0,0,0.942857146263123,0,0.895523190498352,3,3,716
"213",1,0,0,0,4.66666650772095,3,4,1,1,1,1,1.07112312316895,3,3,644
"214",1,0,0,0,4.66666650772095,4.33333349227905,2.66666674613953,0,1,1.03896105289459,1,1.07112312316895,3,1,481
"215",3,0,0,0,2.33333325386047,2.33333325386047,3,1,0,1.04575169086456,1,1.07112312316895,3,3,500
"216",2,0,0,0,3.33333325386047,3,4,1,1,1.10447764396667,1,1.07112312316895,3,3,1087
"217",3,0,0,0,2.33333325386047,2.66666674613953,5,1,0,1.17647063732147,1,1.07112312316895,3,1,1192
"218",1,1,0,0,4.66666650772095,4.33333349227905,4,1,1,1,1,1.07112312316895,3,1,1368
"219",1,0,0,0,4.66666650772095,3.66666674613953,3.66666674613953,1,1,0.986666679382324,1,1.07112312316895,3,1,430
"220",1,0,0,0,4,3,4.66666650772095,1,0,1.01910829544067,1,1.07112312316895,3,3,735
"221",2,1,0,0,2.33333325386047,2.33333325386047,3,0,0,1.28654968738556,1,1.07112312316895,3,1,1104
"222",1,0,0,0,2,2.33333325386047,5,1,0,1.05714285373688,1,1.07112312316895,3,3,931
"223",2,0,0,0,2.66666674613953,2.33333325386047,5,0,0,1,1,1.07112312316895,3,3,1356
"224",2,0,0,0,2.33333325386047,2.33333325386047,5,1,0,1.1678831577301,1,1.07112312316895,3,3,1062
"225",2,0,0,0,3,2.33333325386047,5,0,0,1.21100914478302,1,1.07112312316895,3,3,494
"226",1,0,0,0,1.33333337306976,2,5,1,0,0.879999995231628,1,1.07112312316895,3,3,767
"227",3,0,0,0,3,2.66666674613953,5,1,0,1.03896105289459,1,1.07112312316895,3,3,718
"228",1,0,0,0,1,1.66666662693024,5,1,0,1.20325207710266,1,1.07112312316895,3,3,678
"229",2,1,0,0,2.66666674613953,2.33333325386047,5,1,0,1.06666672229767,1,1.07112312316895,3,1,1250
"230",3,0,0,0,2,2.33333325386047,5,0,1,1.25,1,1.07112312316895,3,1,1147
"231",1,0,0,0,1.33333337306976,2.33333325386047,5,1,1,0.851063847541809,1,1.07112312316895,3,3,790
"232",2,0,0,0,3.66666674613953,2,5,1,0,1.08029198646545,1,1.07112312316895,3,3,559
"233",3,0,0,0,2.66666674613953,2.33333325386047,5,0,1,0.980132460594177,1,1.07112312316895,3,3,981
"234",2,0,0,0,1.33333337306976,1.66666662693024,5,1,0,1.06666672229767,1,1.07112312316895,3,3,1009
"235",1,0,0,0,2.33333325386047,2.33333325386047,5,1,0,1.11888110637665,1,1.07112312316895,3,3,1412
"236",1,0,0,0,4.33333349227905,2.66666674613953,5,1,0,1.3199999332428,1,1.07112312316895,3,3,768
"237",2,0,0,0,4.33333349227905,3,1.66666662693024,0,0,0.992481172084808,1,1.07112312316895,3,1,1261
"238",2,0,0,0,4,2.66666674613953,5,1,1,1.01910829544067,1,1.07112312316895,3,1,1238
"239",3,0,0,0,1.66666662693024,2,4.66666650772095,0,0,0.958797633647919,1,1.07112312316895,3,3,474
"240",3,0,0,0,2,2.33333325386047,5,1,0,1.05714285373688,1,1.06023442745209,3,3,729
"241",1,1,0,0,5,4.33333349227905,3.33333325386047,0,1,1.00899922847748,1,1.06023442745209,3,3,188
"242",3,0,0,0,3.66666674613953,2.66666674613953,5,0,1,1.14285719394684,1,1.06023442745209,3,1,1022
"243",3,0,0,0,4.33333349227905,4,1.66666662693024,1,1,1.00680267810822,1,1.06023442745209,3,3,741
"244",2,0,0,0,3.33333325386047,2.66666674613953,5,1,1,1.16814160346985,1,1.06023442745209,3,1,562
"245",1,0,0,0,4,3.33333325386047,5,0,0,1.05263161659241,1,1.06023442745209,3,1,1359
"246",2,0,0,0,2.33333325386047,2.33333325386047,5,1,0,1,1,1.06023442745209,3,3,470
"247",3,0,0,0,3.33333325386047,2.33333325386047,5,1,1,1.01910829544067,1,1.06023442745209,3,1,717
"248",3,0,0,0,1,1.66666662693024,5,1,0,1.36752140522003,1,1.06023442745209,3,3,825
"249",1,0,0,0,2.66666674613953,2.33333325386047,5,1,0,1.08843541145325,1,1.06023442745209,3,3,1078
"250",2,0,0,0,2.66666674613953,2.33333325386047,5,1,0,1.10447764396667,1,1.06023442745209,3,3,789
"251",1,0,0,0,3.33333325386047,3,4.66666650772095,1,0,1.01910829544067,1,1.06023442745209,3,3,735
"252",3,0,0,0,3,2.33333325386047,5,1,1,1.08695650100708,1,1.06023442745209,3,3,351
"253",1,0,0,0,3.66666674613953,3.66666674613953,4.66666650772095,1,1,0.961038947105408,1,1.06023442745209,3,3,736
"254",2,0,0,0,2.33333325386047,2,5,1,0,1.01910829544067,1,1.06023442745209,3,3,651
"255",2,1,0,0,1,1.66666662693024,4.66666650772095,0,0,1.13846158981323,1,1.06023442745209,3,3,548
"256",1,1,0,0,3.66666674613953,2.66666674613953,5,0,1,1.08843541145325,1,1.06023442745209,3,3,408
"257",1,0,0,0,2.66666674613953,2,5,1,0,1.03896105289459,1,1.06023442745209,3,3,718
"258",3,0,0,0,1,1.66666662693024,5,0,1,0.986666679382324,1,1.06023442745209,3,1,796
"259",2,0,0,0,3.33333325386047,2.66666674613953,5,1,0,1.01910829544067,1,1.06023442745209,3,3,466
"260",1,0,0,0,3.33333325386047,2.66666674613953,5,1,1,1.00680267810822,1,1.06023442745209,3,1,1405
"261",2,0,0,0,3.66666674613953,2.66666674613953,5,1,0,1.01910829544067,1,1.06023442745209,3,1,982
"262",2,0,0,0,2,2,5,1,0,1.04575169086456,1,1.06023442745209,3,3,610
"263",2,0,0,0,3,2.33333325386047,5,1,0,1,1,1.06023442745209,3,3,884
"264",1,0,0,0,4.33333349227905,2.66666674613953,5,0,1,0.97560977935791,1,0.969387710094452,3,1,296
"265",2,0,0,0,3.66666674613953,2.33333325386047,5,1,1,1.05263161659241,1,0.969387710094452,3,2,1285
"266",3,0,0,0,4,3,3,1,1,0.776699006557465,1,0.969387710094452,3,2,808
"267",2,0,0,0,2,2,5,1,1,1.02777779102325,1,0.969387710094452,3,1,76
"268",2,1,0,0,3.33333325386047,2.66666674613953,5,0,0,1.25984251499176,1,0.969387710094452,3,2,817
"269",1,1,0,0,4.33333349227905,2.66666674613953,4.33333349227905,0,1,0.923076927661896,1,0.969387710094452,3,1,323
"270",3,0,0,0,3.33333325386047,2.66666674613953,5,1,1,1.11278200149536,1,0.969387710094452,3,2,983
"271",2,0,0,0,1.66666662693024,2.66666674613953,5,0,0,1.03448271751404,1,0.969387710094452,3,2,86
"272",1,0,0,0,2.66666674613953,2.66666674613953,5,1,1,0.841042876243591,1,0.969387710094452,3,2,999
"273",3,0,0,0,5,3,5,1,0,0.893824458122253,1,0.969387710094452,3,2,1083
"274",1,0,0,0,4.66666650772095,3.33333325386047,5,0,0,1.01910829544067,1,0.969387710094452,3,2,837
"275",1,0,0,0,3.33333325386047,2.33333325386047,5,0,0,0.970588207244873,1,0.969387710094452,3,2,807
"276",1,0,0,0,2.33333325386047,2.33333325386047,5,1,1,1.00680267810822,1,0.969387710094452,3,2,1039
"277",3,1,0,0,3.33333325386047,3.33333325386047,4,0,0,0.747967481613159,1,0.969387710094452,3,1,114
"278",2,1,0,0,5,3,5,0,1,0.963503658771515,1,0.969387710094452,3,1,319
"279",2,0,0,0,4,2.66666674613953,5,1,1,0.923076927661896,1,0.969387710094452,3,2,669
"280",2,0,0,0,3.33333325386047,3,5,1,1,1.00680267810822,1,0.969387710094452,3,1,162
"281",3,0,0,0,3,2.33333325386047,5,1,1,1.03896105289459,1,0.969387710094452,3,2,1231
"282",2,0,0,0,2.33333325386047,2.33333325386047,5,1,1,0.879999995231628,1,0.969387710094452,3,2,528
"283",1,0,0,0,3.33333325386047,2.66666674613953,5,1,1,0.961038947105408,1,0.969387710094452,3,2,827
"284",2,0,0,0,3.66666674613953,3.33333325386047,5,0,0,0.904109597206116,1,0.969387710094452,3,2,442
"285",1,0,0,0,3.66666674613953,4.33333349227905,3.66666674613953,1,1,0.77142858505249,1,0.969387710094452,3,2,973
"286",2,0,0,0,4.33333349227905,3.33333325386047,5,1,1,1.00899922847748,1,0.969387710094452,3,2,1068
"287",2,0,0,0,4.33333349227905,3,5,1,0,1.01910829544067,1,0.969387710094452,3,2,910
"288",3,1,0,0,2,2,5,1,1,1.13207542896271,1,0.969387710094452,3,2,712
"289",1,0,0,0,5,3.33333325386047,5,1,1,1,1,0.969387710094452,3,2,1041
"290",3,0,0,0,5,5,3.33333325386047,1,1,0.97560977935791,1,0.969387710094452,3,2,370
"291",2,1,0,0,2,2,5,0,0,0.97560977935791,1,0.969387710094452,3,2,308
"292",2,0,0,0,2,2.66666674613953,2,1,1,0.980132460594177,1,0.969387710094452,3,2,864
"293",1,0,0,0,4.66666650772095,4.33333349227905,3.66666674613953,1,1,1.06666672229767,1,0.969387710094452,3,2,498
"294",1,0,0,0,1.66666662693024,1.66666662693024,3,0,1,1.02209949493408,1,0.969387710094452,3,2,239
"295",3,1,0,0,4.33333349227905,2.33333325386047,5,0,1,1,1,0.969387710094452,3,1,338
"296",1,0,0,0,5,3.66666674613953,5,1,1,0.923076927661896,1,0.969387710094452,3,2,1049
"297",1,0,0,0,4,2.66666674613953,4.33333349227905,1,1,1.03896105289459,1,0.969387710094452,3,1,100
"298",1,0,0,0,3,2.66666674613953,5,1,0,1,1,0.969387710094452,3,2,434
"299",1,0,0,0,4.33333349227905,2,5,1,1,0.923076927661896,1,0.969387710094452,3,2,571
"300",1,0,0,0,5,4.66666650772095,3.33333325386047,1,1,0.904109597206116,1,0.969387710094452,3,2,667
"301",2,1,0,0,2,2,5,0,1,1.04761898517609,1,0.969387710094452,3,2,537
"302",2,0,0,0,2,2,5,1,1,0.841042876243591,1,0.969387710094452,3,2,940
"303",3,0,0,0,3,2,4.33333349227905,1,1,1,1,0.969387710094452,3,2,480
"304",1,1,0,0,4.66666650772095,3.66666674613953,5,0,0,0.800000011920929,1,0.969387710094452,3,1,321
"305",2,0,0,0,4.66666650772095,4,4,1,1,0.961038947105408,1,0.969387710094452,3,1,128
"306",1,1,0,0,4,3.33333325386047,4.66666650772095,0,0,0.942675173282623,1,0.969387710094452,3,1,65
"307",3,0,0,0,2,2,4,1,1,1,1,0.969387710094452,3,2,507
"308",2,0,0,0,2.66666674613953,3.66666674613953,4,0,0,0.953608274459839,1,0.983450829982758,3,2,369
"309",1,0,0,0,2,2,5,1,1,1.03125,1,0.983450829982758,3,1,643
"310",3,0,0,0,3.66666674613953,2.33333325386047,5,1,1,0.942675173282623,1,0.983450829982758,3,1,717
"311",3,0,0,0,4,3.33333325386047,4.66666650772095,1,1,0.893340528011322,1,0.983450829982758,3,2,659
"312",3,0,0,0,3.33333325386047,2.33333325386047,5,1,0,0.904109597206116,1,0.983450829982758,3,1,1099
"313",2,0,0,0,4,2.66666674613953,5,1,0,1.01910829544067,1,0.983450829982758,3,2,926
"314",3,1,0,0,2.33333325386047,2,5,0,1,1.10778439044952,1,0.983450829982758,3,2,596
"315",2,0,0,0,4.33333349227905,3,5,1,1,0.948717951774597,1,0.983450829982758,3,1,251
"316",1,1,0,0,3.33333325386047,3.66666674613953,4,1,1,0.897959172725677,1,0.983450829982758,3,2,566
"317",3,0,0,0,1.66666662693024,1.66666662693024,5,1,1,1.06232297420502,1,0.983450829982758,3,1,803
"318",3,0,0,0,1,1.66666662693024,5,0,0,0.876028656959534,1,0.983450829982758,3,1,532
"319",1,0,0,0,1,1.66666662693024,5,1,0,0.961038947105408,1,0.983450829982758,3,2,449
"320",2,0,0,0,5,4,2.66666674613953,1,1,1,1,0.983450829982758,3,1,473
"321",2,1,0,0,4.33333349227905,2.66666674613953,5,1,1,0.859845221042633,1,0.983450829982758,3,1,72
"322",2,0,0,0,3.33333325386047,2.66666674613953,5,1,1,1.30164122581482,1,0.983450829982758,3,2,618
"323",1,0,0,0,3.66666674613953,4,4,1,1,1.01910829544067,1,0.983450829982758,3,1,56
"324",2,0,0,0,4,3,5,1,1,0.862745106220245,1,0.983450829982758,3,1,733
"325",2,0,0,0,2.66666674613953,2.33333325386047,5,1,1,1,1,0.983450829982758,3,1,1021
"326",3,0,0,0,4.33333349227905,4.33333349227905,4,1,1,1,1,0.983450829982758,3,2,925
"327",2,0,0,0,2.33333325386047,2,5,1,1,1,1,0.983450829982758,3,1,1020
"328",2,1,0,0,3.66666674613953,2.66666674613953,5,0,1,1.29824566841125,1,0.983450829982758,3,2,747
"329",1,0,0,0,1,1.66666662693024,4.33333349227905,1,1,0.941715478897095,1,0.983450829982758,3,1,739
"330",1,1,0,0,2.66666674613953,3.33333325386047,4.66666650772095,1,1,1,1,0.983450829982758,3,1,754
"331",2,0,0,0,2.66666674613953,2,5,0,0,0.923076927661896,1,0.983450829982758,3,2,461
"332",1,0,0,0,3.33333325386047,2,5,1,0,0.941715478897095,1,0.983450829982758,3,2,989
"333",3,0,0,0,2,2.66666674613953,3.66666674613953,1,1,0.923076927661896,1,0.983450829982758,3,1,184
"334",1,0,0,0,3.66666674613953,4,4,1,0,0.953608274459839,1,0.983450829982758,3,2,1324
"335",3,0,0,0,3,2.33333325386047,5,1,0,1.00182151794434,1,0.983450829982758,3,2,702
"336",1,1,0,0,3.66666674613953,2.66666674613953,5,1,1,0.942675173282623,1,0.983450829982758,3,1,300
"337",1,0,0,0,3.66666674613953,3,5,1,0,0.942857146263123,1,0.983450829982758,3,2,673
"338",2,0,0,0,3,2,5,1,0,0.986666679382324,1,0.983450829982758,3,2,613
"339",1,0,0,0,4.33333349227905,3.66666674613953,1.33333337306976,1,1,0.973684251308441,1,0.983450829982758,3,1,727
"340",2,0,1,0,1,1.66666662693024,5,0,1,1,1,0.949339151382446,3,4,796
"341",2,0,1,0,2,2,3.33333325386047,0,0,1.01522839069366,1,0.949339151382446,3,4,411
"342",1,0,1,0,1.33333337306976,2,5,1,1,1.06241703033447,1,0.949339151382446,3,4,384
"343",1,0,1,0,3.33333325386047,2.33333325386047,3.66666674613953,1,0,0.930232584476471,1,0.949339151382446,3,4,272
"344",3,1,1,0,4.33333349227905,3.33333325386047,5,0,0,1.08029198646545,1,0.949339151382446,3,4,10
"345",2,0,1,0,1.66666662693024,2,3.66666674613953,1,0,0.727272748947144,1,0.949339151382446,3,4,294
"346",1,0,1,0,2,2.33333325386047,5,0,1,0.809523820877075,1,0.949339151382446,3,4,616
"347",2,1,1,0,3.33333325386047,2.66666674613953,3,0,1,0.925147175788879,1,0.949339151382446,3,4,626
"348",2,1,1,0,2,2,5,0,1,1.27586209774017,1,0.949339151382446,3,2,544
"349",1,0,1,0,4.66666650772095,4,4,0,1,1,1,0.949339151382446,3,4,119
"350",1,0,1,0,3.66666674613953,3,5,1,0,1,1,0.949339151382446,3,4,237
"351",1,1,1,0,1,1,3,0,0,1.03904283046722,1,0.949339151382446,3,1,1318
"352",1,0,1,0,1.66666662693024,2.33333325386047,3,0,1,0.345679014921188,1,0.949339151382446,3,4,295
"353",1,0,1,0,1.66666662693024,2.66666674613953,5,1,1,0.850393712520599,1,0.949339151382446,3,4,707
"354",1,0,1,0,4,2.66666674613953,3.66666674613953,1,0,0.747967481613159,1,0.949339151382446,3,4,215
"355",3,0,1,0,4,2.66666674613953,5,0,1,1.05714285373688,1,0.949339151382446,3,4,5
"356",1,0,1,0,1.66666662693024,2,5,1,1,1.15506780147552,1,0.949339151382446,3,2,889
"357",3,0,1,0,2.33333325386047,2.33333325386047,3,1,1,0.949640274047852,1,0.949339151382446,3,4,435
"358",2,0,1,0,3.66666674613953,3.33333325386047,3.66666674613953,1,0,0.859813094139099,1,0.949339151382446,3,4,698
"359",3,1,1,0,4,3.33333325386047,2.66666674613953,0,1,0.897959172725677,1,0.949339151382446,3,4,533
"360",1,1,1,0,3.33333325386047,3,4,0,1,1.00680267810822,1,0.949339151382446,3,4,674
"361",2,0,1,0,3.66666674613953,2.33333325386047,4,1,1,1.01910829544067,1,0.949339151382446,3,4,208
"362",3,1,1,0,1,1.66666662693024,4.66666650772095,0,1,0.288659781217575,1,0.949339151382446,3,4,142
"363",3,0,1,0,4.66666650772095,3.66666674613953,4.66666650772095,1,1,0.857142865657806,1,0.949339151382446,3,4,475
"364",2,1,1,0,3.66666674613953,3.66666674613953,4,1,0,1,1,0.949339151382446,3,4,224
"365",1,0,1,0,1.66666662693024,1.66666662693024,3.33333325386047,1,1,0.805970191955566,1,0.949339151382446,3,4,367
"366",2,0,1,0,4.33333349227905,3.66666674613953,3.66666674613953,0,1,1.02777779102325,1,0.949339151382446,3,4,395
"367",1,1,1,0,3,2,4.66666650772095,0,1,1.08283698558807,1,0.949339151382446,3,4,363
"368",3,0,1,0,3,2.66666674613953,1.33333337306976,1,1,0.875912427902222,1,0.949339151382446,3,4,714
"369",1,0,1,0,3,2.33333325386047,5,1,1,1.04964542388916,1,0.949339151382446,3,4,284
"370",2,0,1,0,4.33333349227905,4,3.66666674613953,1,1,1,1,0.949339151382446,3,4,107
"371",1,0,1,0,4.66666650772095,3.33333325386047,4.66666650772095,0,1,1,1,0.949339151382446,3,4,94
"372",3,0,1,0,3.66666674613953,3.33333325386047,3.33333325386047,1,0,0.828271687030792,1,0.949339151382446,3,4,356
"373",1,1,1,0,1.66666662693024,1.66666662693024,3,1,0,1.14090132713318,1,0.949339151382446,3,2,845
"374",3,1,1,0,1.33333337306976,1.66666662693024,5,0,1,1.10436224937439,1,0.949339151382446,3,2,911
"375",3,1,1,0,2.33333325386047,2.33333325386047,5,0,1,1.02097129821777,1,0.949339151382446,3,4,661
"376",1,1,1,0,2.66666674613953,2.33333325386047,4,0,1,0,1,0.949339151382446,3,4,328
"377",3,0,1,0,1.66666662693024,2.33333325386047,3,1,1,0.963290810585022,1,0.949339151382446,3,2,578
"378",2,1,1,0,2,2,5,0,1,0.541666626930237,1,0.949339151382446,3,4,57
"379",2,0,1,0,4.66666650772095,4.33333349227905,2,1,1,0.961038947105408,1,0.949339151382446,3,4,518
"380",3,0,1,0,4.33333349227905,4.66666650772095,3.66666674613953,1,0,1.03977119922638,1,0.949339151382446,3,1,1033
"381",3,1,1,0,2.66666674613953,3,5,0,0,1.02266442775726,1,0.949339151382446,3,2,905
"382",1,0,1,0,5,3,5,1,1,1.01910829544067,1,0.949339151382446,3,4,167
"383",3,0,1,0,4.66666650772095,3,5,0,1,1,1,0.949339151382446,3,4,151
"384",2,0,1,0,3.33333325386047,2.66666674613953,4,0,1,0.252252250909805,1,0.949339151382446,3,4,7
"385",2,0,1,0,4,2.33333325386047,5,1,1,0.980132460594177,1,0.949339151382446,3,4,352
"386",2,0,1,0,3.33333325386047,2.66666674613953,4.33333349227905,1,1,0.870967745780945,1,0.949339151382446,3,4,562
"387",1,0,1,0,1,1.66666662693024,5,1,1,1.01807069778442,1,0.949339151382446,3,2,1253
"388",2,0,1,0,4.33333349227905,4,4,0,1,1.04761898517609,1,0.949339151382446,3,4,186
"389",3,0,1,0,2.33333325386047,3,5,1,0,1.01910829544067,1,0.949339151382446,3,4,16
"390",2,1,1,0,4.66666650772095,3.66666674613953,3,0,1,0,1,0.949339151382446,3,4,555
"391",2,0,1,0,4.33333349227905,3.33333325386047,4,0,0,1.13475179672241,1,0.949339151382446,3,4,267
"392",2,0,1,0,1,1.66666662693024,3,0,0,1.01703536510468,1,0.949339151382446,3,2,556
"393",3,0,1,0,3.66666674613953,2.66666674613953,5,1,1,1,1,0.949339151382446,3,4,125
"394",2,0,1,0,4.66666650772095,3,5,1,1,1.06666672229767,1,0.949339151382446,3,4,577
"395",3,0,1,0,5,3.33333325386047,5,1,1,1.03896105289459,1,0.949339151382446,3,4,169
"396",1,1,1,0,2.33333325386047,2.33333325386047,4.66666650772095,0,1,1.10375273227692,1,0.949339151382446,3,2,761
"397",3,0,1,0,4.33333349227905,3,5,1,0,1.03896105289459,1,0.949339151382446,3,4,774
"398",2,1,1,0,2.66666674613953,2.66666674613953,5,0,1,1.31795716285706,1,0.949339151382446,3,2,753
"399",1,0,1,0,1,1.66666662693024,5,0,0,0.812030076980591,1,0.949339151382446,3,4,1008
"400",3,1,1,0,4.33333349227905,2.66666674613953,5,0,0,1.08823525905609,1,0.949339151382446,3,4,318
"401",1,0,1,0,3.33333325386047,3.33333325386047,4,1,0,0.961258351802826,1,0.949339151382446,3,4,482
"402",1,0,1,0,3.33333325386047,2.33333325386047,5,1,1,1.18343198299408,1,0.949339151382446,3,1,894
"403",2,1,1,0,4,2.66666674613953,5,0,0,1.20736491680145,1,0.949339151382446,3,1,1351
"404",3,0,1,0,4.66666650772095,3.33333325386047,4,0,1,0.952380955219269,1,0.949339151382446,3,4,750
"405",2,1,1,0,3,3.66666674613953,2.33333325386047,0,1,1.200119972229,1,0.949339151382446,3,2,824
"406",2,0,1,0,2.33333325386047,2,5,1,0,1.21432912349701,1,0.949339151382446,3,2,784
"407",1,0,1,0,4.66666650772095,3.66666674613953,2.33333325386047,0,1,0.794747710227966,1,0.949339151382446,3,4,576
"408",1,0,1,0,2.66666674613953,3.33333325386047,4,1,1,0.879999995231628,1,0.949339151382446,3,4,664
"409",1,0,1,0,3.66666674613953,2.33333325386047,4.33333349227905,1,0,1.03977119922638,1,0.949339151382446,3,2,1033
"410",2,0,1,0,4.33333349227905,3.33333325386047,5,1,1,1,1,0.949339151382446,3,4,161
"411",1,0,1,0,4.33333349227905,3.33333325386047,4,1,1,0.713178277015686,1,0.949339151382446,3,4,700
"412",1,0,1,0,2.33333325386047,2.33333325386047,4.66666650772095,0,1,1.14764273166656,1,0.949339151382446,3,4,58
"413",2,1,1,0,3.33333325386047,2.33333325386047,4,1,1,0.942675173282623,1,0.949339151382446,3,4,433
"414",1,0,1,0,5,3.66666674613953,4,1,1,0.879999995231628,1,0.949339151382446,3,4,1389
"415",3,1,1,0,1.33333337306976,1.33333337306976,4.33333349227905,0,0,1.02266442775726,1,0.949339151382446,3,1,905
"416",3,0,1,0,2,1.66666662693024,4.66666650772095,1,1,1,1,0.949339151382446,3,4,432
"417",2,1,1,0,4.33333349227905,3.33333325386047,5,0,1,2.2805016040802,1,0.949339151382446,3,2,543
"418",1,1,1,0,1.33333337306976,2,5,0,0,1.02880656719208,1,0.949339151382446,3,1,1229
"419",3,0,1,0,3,2,5,0,0,1.20554554462433,1,0.949339151382446,3,2,686
"420",3,0,1,0,5,4,4.66666650772095,0,1,1,1,0.949339151382446,3,4,81
"421",1,0,1,0,3.66666674613953,2.66666674613953,4.33333349227905,1,1,1,1,0.949339151382446,3,4,575
"422",1,0,1,0,4,3,5,1,1,0.992481172084808,1,0.949339151382446,3,4,262
"423",1,0,1,0,2.66666674613953,2.66666674613953,4.66666650772095,1,1,0.782608687877655,1,0.949339151382446,3,4,127
"424",1,0,1,0,4.66666650772095,3.33333325386047,5,0,1,0.961038947105408,1,0.949339151382446,3,4,145
"425",2,1,1,0,2,2,4.66666650772095,0,1,0.321839064359665,1,0.949339151382446,3,4,315
"426",3,1,1,0,4.33333349227905,3.66666674613953,4,1,0,0.812127768993378,1,0.949339151382446,3,4,313
"427",1,0,1,0,3.33333325386047,2.66666674613953,5,1,1,1.03653800487518,1,0.949339151382446,3,2,944
"428",1,0,1,0,4.66666650772095,2.66666674613953,5,0,1,1.02777779102325,1,0.949339151382446,3,4,343
"429",2,1,1,0,4,4.33333349227905,3,0,1,0.788321197032928,1,0.949339151382446,3,4,662
"430",1,1,1,0,3,2.33333325386047,5,0,0,0.902255654335022,1,0.949339151382446,3,4,373
"431",3,1,1,0,3.33333325386047,2.33333325386047,5,0,1,1.0093457698822,1,0.949339151382446,3,4,752
"432",3,0,1,0,1.66666662693024,2,5,0,1,1.10375273227692,1,0.949339151382446,3,2,1081
"433",2,0,1,0,1,1.66666662693024,4.66666650772095,1,1,1.01910829544067,1,0.949339151382446,3,4,277
"434",3,1,1,0,3.66666674613953,2.33333325386047,3.66666674613953,0,0,0.805970191955566,1,0.949339151382446,3,4,22
"435",1,0,1,0,4.66666650772095,4,4,1,1,1.00680267810822,1,0.949339151382446,3,4,201
"436",2,0,1,0,4,4.33333349227905,4,1,0,1.03896105289459,1,0.949339151382446,3,4,1372
"437",2,0,1,0,3.33333325386047,3,5,1,1,1.04575169086456,1,0.949339151382446,3,1,1283
"438",1,0,1,0,3.66666674613953,3,4.66666650772095,1,1,0.850000023841858,1,0.949339151382446,3,4,618
"439",2,0,1,0,2.66666674613953,4,4,0,1,0.908014178276062,1,0.949339151382446,3,4,720
"440",1,1,1,0,1.66666662693024,2.33333325386047,3,0,0,0.535433113574982,1,0.949339151382446,3,4,546
"441",1,0,1,0,3,2.66666674613953,5,1,0,1.03896105289459,1,0.949339151382446,3,4,718
"442",1,0,1,0,3,1.66666662693024,4.66666650772095,1,0,0.888769149780273,1,0.980911314487457,3,1,1233
"443",1,0,1,0,1.66666662693024,1.66666662693024,5,0,0,0.666666686534882,1,0.980911314487457,3,1,686
"444",1,0,1,0,4.66666650772095,3,5,0,1,1.15373516082764,1,0.980911314487457,3,2,468
"445",1,0,1,0,4.66666650772095,3.33333325386047,4.33333349227905,1,0,0.818107426166534,1,0.980911314487457,3,2,1360
"446",2,0,1,0,3.66666674613953,2.66666674613953,5,1,1,1,1,0.980911314487457,3,1,507
"447",2,0,1,0,2.33333325386047,1.66666662693024,5,1,0,0.970364570617676,1,0.980911314487457,3,1,769
"448",1,0,1,0,3,2,5,1,1,1.01538455486298,1,0.980911314487457,3,1,629
"449",2,1,1,0,4.33333349227905,2.66666674613953,5,0,1,1.01910829544067,1,0.980911314487457,3,2,1172
"450",2,0,1,0,2.33333325386047,3,4,1,0,1,1,0.980911314487457,3,1,1287
"451",2,0,1,0,4.33333349227905,2.66666674613953,5,1,0,1,1,0.980911314487457,3,2,774
"452",2,0,1,0,5,3,5,0,1,1,1,0.980911314487457,3,1,151
"453",3,0,1,0,1.33333337306976,1.66666662693024,5,1,0,1.12820506095886,1,0.980911314487457,3,2,825
"454",2,0,1,0,2.66666674613953,3.33333325386047,3.66666674613953,1,1,1.02777779102325,1,0.980911314487457,3,2,370
"455",1,1,1,0,3.33333325386047,2.66666674613953,3.33333325386047,1,1,1.08123910427094,1,0.980911314487457,3,2,834
"456",3,1,1,0,2.66666674613953,2.33333325386047,5,0,0,0.923076927661896,1,0.980911314487457,3,2,917
"457",1,0,1,0,3,3.33333325386047,4,1,0,0.816326558589935,1,0.980911314487457,3,1,820
"458",2,0,1,0,5,4.66666650772095,2.66666674613953,1,0,1,1,0.980911314487457,3,2,1131
"459",3,0,1,0,1,1.66666662693024,5,1,1,1.14764273166656,1,0.980911314487457,3,2,1076
"460",2,0,0,0,2.66666674613953,3,2.33333325386047,1,1,1.02197241783142,0,1.00169849395752,3,2,1371
"461",2,0,0,0,2.33333325386047,4,3.66666674613953,1,1,0.985074639320374,0,1.00169849395752,3,2,367
"462",1,0,0,0,4,3.66666674613953,4.33333349227905,1,1,0.992481172084808,0,1.00169849395752,3,2,587
"463",3,0,0,0,2,2,5,1,0,1.02777779102325,0,1.00169849395752,3,1,828
"464",3,0,0,0,3.33333325386047,2.66666674613953,5,1,1,0.980132460594177,0,1.00169849395752,3,2,1024
"465",2,0,0,0,5,4.66666650772095,4,1,1,0.941715478897095,0,1.00169849395752,3,2,473
"466",1,1,0,0,2,3.33333325386047,4.66666650772095,1,0,1.08843541145325,0,1.00169849395752,3,2,1252
"467",3,1,0,0,3,3,5,1,1,0.923076927661896,0,1.00169849395752,3,2,862
"468",2,0,0,0,1.66666662693024,2.33333325386047,3,1,1,1.05714285373688,0,1.00169849395752,3,2,928
"469",2,0,0,0,1.66666662693024,2,5,1,0,1,0,1.00169849395752,3,2,1339
"470",3,0,0,0,3,3.33333325386047,5,1,1,1,0,1.00169849395752,3,2,1315
"471",1,1,0,0,2.66666674613953,2.33333325386047,5,0,1,1.10000002384186,0,1.00169849395752,3,1,797
"472",2,0,0,0,3.66666674613953,2.66666674613953,5,1,1,1.02777779102325,0,1.00169849395752,3,1,1046
"473",3,0,0,0,4,3,4,1,1,1.01910829544067,0,1.00169849395752,3,1,925
"474",1,0,0,0,4.66666650772095,4.33333349227905,3.66666674613953,1,1,0.980132460594177,0,1.00169849395752,3,2,603
"475",2,0,0,0,5,5,4,1,1,0.879999995231628,0,1.00169849395752,3,1,1272
"476",2,0,0,0,5,3,5,1,0,1.02777779102325,0,1.00169849395752,3,1,986
"477",1,0,0,0,3.66666674613953,3,4.33333349227905,1,1,1.02777779102325,0,1.00169849395752,3,2,388
"478",1,0,0,0,1.66666662693024,2,5,1,1,1.05714285373688,0,1.00169849395752,3,1,1167
"479",3,0,0,0,2.33333325386047,2.66666674613953,1,1,0,0.875912427902222,0,1.00169849395752,3,2,1427
"480",1,0,0,0,2,2,5,1,0,NA,0,1.00169849395752,3,2,1365
"481",1,0,0,0,2,2,5,1,0,0.986666679382324,0,1.00169849395752,3,1,816
"482",1,0,0,0,2.66666674613953,3.33333325386047,3.33333325386047,1,1,1,0,1.00169849395752,3,2,949
"483",3,0,0,0,5,3.33333325386047,4,1,0,1.03896105289459,0,1.00169849395752,3,2,613
"484",2,0,0,0,2.33333325386047,3,4,1,1,1.08029198646545,0,0.981691181659698,3,1,815
"485",3,0,0,0,3.33333325386047,2,5,1,1,1,0,0.981691181659698,3,1,925
"486",1,0,0,0,2.66666674613953,2.33333325386047,4.66666650772095,0,0,1,0,0.981691181659698,3,2,21
"487",3,0,0,0,1.66666662693024,1.66666662693024,5,1,1,0.870967745780945,0,0.981691181659698,3,1,977
"488",1,0,0,0,2.66666674613953,2.33333325386047,5,1,0,1.01807069778442,0,0.981691181659698,3,1,989
"489",1,0,0,0,1.66666662693024,2,5,1,1,0.923076927661896,0,0.981691181659698,3,2,41
"490",3,0,0,0,2.66666674613953,2.66666674613953,3.33333325386047,1,1,1.04959332942963,0,0.981691181659698,3,2,163
"491",1,0,0,0,3.33333325386047,2.33333325386047,4.33333349227905,1,0,1.11888110637665,0,0.981691181659698,3,2,190
"492",3,0,0,0,4.33333349227905,2.66666674613953,5,1,1,0.961038947105408,0,0.981691181659698,3,1,574
"493",1,0,0,0,4.33333349227905,4.33333349227905,2.66666674613953,0,1,1,0,0.981691181659698,3,1,1225
"494",2,0,0,0,4.66666650772095,3.33333325386047,4.66666650772095,1,0,1,0,0.981691181659698,3,2,102
"495",2,0,0,0,2,3,4,1,1,1.08029198646545,0,0.981691181659698,3,2,288
"496",1,0,0,0,3.66666674613953,2.66666674613953,5,1,1,0.904109597206116,0,0.981691181659698,3,1,669
"497",3,0,0,0,3.66666674613953,4,4,1,1,1,0,0.981691181659698,3,2,167
"498",3,0,0,0,2.33333325386047,2.66666674613953,4.33333349227905,0,1,0.986666679382324,0,0.981691181659698,3,2,51
"499",1,1,0,0,4,3,4.66666650772095,0,0,0.84375,0,0.981691181659698,3,1,1160
"500",2,0,0,0,1,1.66666662693024,5,1,1,1.03496503829956,0,0.981691181659698,3,1,711
"501",1,0,0,0,3.66666674613953,2.66666674613953,5,1,1,1,0,0.981691181659698,3,2,115
"502",2,0,0,0,1,1.66666662693024,5,1,0,0.942857146263123,0,0.981691181659698,3,1,828
"503",2,0,0,0,2.33333325386047,1.66666662693024,5,1,1,0.925147175788879,0,0.981691181659698,3,1,1039
"504",2,0,0,0,2.66666674613953,2.66666674613953,3.66666674613953,1,1,0.944881916046143,0,0.981691181659698,3,2,127
"505",2,0,0,0,4,2.66666674613953,5,1,1,1,0,0.981691181659698,3,1,1180
"506",1,0,0,0,3.66666674613953,3,5,1,1,1,0,0.981691181659698,3,2,6
"507",2,0,0,0,1.66666662693024,2,4.66666650772095,0,0,0.839160859584808,0,0.981691181659698,3,2,80
"508",3,0,0,0,4.33333349227905,3,5,1,1,1.03896105289459,0,0.981691181659698,3,1,1393
"509",2,0,0,0,3,2.66666674613953,5,1,0,0.961258351802826,0,0.981691181659698,3,2,258
"510",2,1,1,0,3.66666674613953,2.66666674613953,3.66666674613953,0,0,0.912106096744537,0,0.883145213127136,3,1,905
"511",2,0,1,0,4.33333349227905,4,4,1,1,0.747967481613159,0,0.883145213127136,3,1,370
"512",1,0,1,0,2,2,4.66666650772095,1,1,0.976331353187561,0,0.883145213127136,3,1,894
"513",3,0,1,0,2.33333325386047,3,4,1,0,0.961038947105408,0,0.883145213127136,3,1,820
"514",1,0,1,0,4.33333349227905,2.66666674613953,5,1,1,0.879999995231628,0,0.883145213127136,3,1,599
"515",3,1,1,0,1.66666662693024,2,5,1,0,0.941243588924408,0,0.883145213127136,3,1,845
"516",3,0,1,0,4.33333349227905,3,5,1,0,0.70175439119339,0,0.883145213127136,3,1,391
"517",1,1,1,0,2,2.33333325386047,5,0,1,0.942857146263123,0,0.883145213127136,3,1,1064
"518",3,0,1,0,4.33333349227905,2.66666674613953,5,1,0,0.961788415908813,0,0.883145213127136,3,1,1033
"519",2,0,1,0,4.33333349227905,3,5,1,1,1.06843781471252,0,0.883145213127136,3,1,889
"520",2,1,1,0,2,2,4.66666650772095,1,1,0.754716992378235,0,0.883145213127136,3,1,712
"521",2,0,1,0,2,2,4.66666650772095,1,0,1.05960261821747,0,0.883145213127136,3,1,466
"522",3,1,1,0,4.33333349227905,3,5,0,1,0.586206912994385,0,0.883145213127136,3,1,544
"523",1,0,1,0,3,2,5,1,0,0.862745106220245,0,0.883145213127136,3,1,567
"524",1,0,1,0,3.66666674613953,4,4,1,0,1.04575169086456,0,0.883145213127136,3,1,769
"525",1,0,1,0,4.33333349227905,4,3.66666674613953,1,0,0.916666626930237,0,0.883145213127136,3,1,445
"526",2,0,1,0,2.66666674613953,2.33333325386047,5,1,0,0.805970191955566,0,0.883145213127136,3,1,692
"527",1,0,1,0,3.33333325386047,3.33333325386047,5,1,1,0.77142858505249,0,0.883145213127136,3,1,1084
"528",1,0,1,0,1.66666662693024,1.66666662693024,5,1,0,0.942857146263123,0,0.861080706119537,3,4,283
"529",2,1,1,0,2.33333325386047,1.66666662693024,5,0,1,0.70175439119339,0,0.861080706119537,3,3,747
"530",1,1,1,0,4.33333349227905,2.66666674613953,4.33333349227905,0,0,1.10924363136292,0,0.861080706119537,3,4,10
"531",2,0,1,0,1.66666662693024,1.66666662693024,5,0,0,0.830769240856171,0,0.861080706119537,3,4,1008
"532",3,1,1,0,2,1.66666662693024,5,0,1,0.662251651287079,0,0.861080706119537,3,3,57
"533",1,0,1,0,2.33333325386047,1.66666662693024,4.33333349227905,0,1,0.333333313465118,0,0.861080706119537,3,4,7
"534",3,0,1,0,3.33333325386047,2.33333325386047,5,1,1,0.879296541213989,0,0.861080706119537,3,1,889
"535",3,0,1,0,2,1.66666662693024,4,0,1,0.857142865657806,0,0.861080706119537,3,3,5
"536",3,0,1,0,4,2.33333325386047,5,1,0,1,0,0.861080706119537,3,4,237
"537",2,1,1,0,4,3.33333325386047,4.66666650772095,0,1,1.14285719394684,0,0.861080706119537,3,4,363
"538",1,0,1,0,4.33333349227905,2,4.66666650772095,1,1,0.800000011920929,0,0.861080706119537,3,3,26
"539",1,0,1,0,3,2.66666674613953,3,1,1,0.850099205970764,0,0.861080706119537,3,3,1398
"540",3,0,1,0,5,2.66666674613953,5,1,1,1,0,0.861080706119537,3,4,167
"541",1,0,1,0,2.66666674613953,2.33333325386047,5,1,1,0.601769924163818,0,0.861080706119537,3,3,562
"542",1,1,1,0,1.66666662693024,1.66666662693024,3,0,0,1.2077294588089,0,0.861080706119537,3,1,1318
"543",2,1,1,0,2.66666674613953,1.66666662693024,5,1,1,0.876493990421295,0,0.861080706119537,3,4,433
"544",3,1,1,0,2.66666674613953,2,5,0,0,0.665622591972351,0,0.861080706119537,3,4,140
"545",3,0,1,0,4,3.66666674613953,4,1,0,1.01807069778442,0,0.861080706119537,3,1,1033
"546",2,1,1,0,2.33333325386047,1.66666662693024,5,0,0,0.836363613605499,0,0.861080706119537,3,3,318
"547",2,0,1,0,3.66666674613953,1.66666662693024,3.33333325386047,0,1,0.548387110233307,0,0.861080706119537,3,3,218
"548",3,1,1,0,2,1.66666662693024,4,0,1,0.59031879901886,0,0.861080706119537,3,3,410
"549",2,0,1,0,4.33333349227905,2.66666674613953,5,1,0,1.03896105289459,0,0.861080706119537,3,3,220
"550",1,0,1,0,3,4,4.66666650772095,1,0,0.996498823165894,0,0.861080706119537,3,1,1233
"551",3,0,1,0,2,1.33333337306976,4.33333349227905,1,1,1.01910829544067,0,0.861080706119537,3,4,577
"552",1,0,1,0,4,2.33333325386047,5,1,0,1,0,0.861080706119537,3,3,774
"553",2,0,1,0,3.66666674613953,3,4,1,0,0.937896072864532,0,0.861080706119537,3,1,1309
"554",2,0,1,0,4.33333349227905,2.33333325386047,5,1,0,0.71875,0,0.861080706119537,3,3,1173
"555",3,0,1,0,2.33333325386047,2,4.33333349227905,1,1,0.850099205970764,0,0.861080706119537,3,3,561
"556",1,0,1,0,4.66666650772095,3.66666674613953,4.33333349227905,1,1,1.06451606750488,0,0.861080706119537,3,4,530
"557",2,1,1,0,1.66666662693024,2.33333325386047,3,0,0,0.814159274101257,0,0.861080706119537,3,3,683
"558",1,0,1,0,2.33333325386047,1.66666662693024,4.66666650772095,0,1,0.676470577716827,0,0.861080706119537,3,4,396
"559",1,1,1,0,2.66666674613953,2,5,1,1,0.923076927661896,0,0.861080706119537,3,3,742
"560",1,0,1,0,1.66666662693024,2.33333325386047,3,0,1,0.656877934932709,0,0.861080706119537,3,4,576
"561",1,1,1,0,2.33333325386047,1.66666662693024,4.33333349227905,1,1,0.47272726893425,0,0.861080706119537,3,4,118
"562",3,0,1,0,1.66666662693024,2.33333325386047,3,0,1,0.519480526447296,0,0.861080706119537,3,3,295
"563",2,1,1,0,4.33333349227905,2.33333325386047,5,1,1,0.902255654335022,0,0.861080706119537,3,4,324
"564",2,0,1,0,3.66666674613953,2.33333325386047,5,1,1,0.923076927661896,0,0.861080706119537,3,3,144
"565",2,1,1,0,2,2.33333325386047,3,0,1,0.730158686637878,0,0.861080706119537,3,3,327
"566",3,0,1,0,1,1.66666662693024,5,0,0,0.980132460594177,0,0.861080706119537,3,4,63
"567",1,0,1,0,4.33333349227905,4,4.33333349227905,1,1,0.661157011985779,0,0.861080706119537,3,3,1013
"568",3,0,1,0,3.33333325386047,2.33333325386047,5,1,1,0.980132460594177,0,0.861080706119537,3,4,112
"569",1,1,1,0,4,2.33333325386047,5,0,1,0.904109597206116,0,0.861080706119537,3,3,626
"570",3,0,1,0,3.66666674613953,2.33333325386047,4.66666650772095,1,0,1.01910829544067,0,0.861080706119537,3,4,1372
"571",2,0,1,0,3.33333325386047,2,5,0,0,1.05714285373688,0,0.861080706119537,3,4,418
"572",1,1,1,0,1.66666662693024,2.33333325386047,3,0,1,NA,0,0.861080706119537,3,3,1230
"573",2,0,1,0,5,3.66666674613953,5,1,1,0.942675173282623,0,0.861080706119537,3,4,612
"574",2,0,1,0,3.66666674613953,2.66666674613953,4,1,1,1,0,0.861080706119537,3,3,125
"575",1,0,1,0,1,1.66666662693024,5,1,1,1.06241703033447,0,0.861080706119537,3,4,384
"576",2,0,1,0,2.66666674613953,2.33333325386047,5,1,0,0.970364570617676,0,0.861080706119537,3,1,769
"577",2,0,1,0,1.66666662693024,1.33333337306976,4.66666650772095,1,0,1,0,0.861080706119537,3,3,16
"578",1,1,1,0,3.66666674613953,2.33333325386047,4,0,1,0.824427485466003,0,0.861080706119537,3,3,231
"579",2,0,1,0,3,1.66666662693024,5,1,1,1,0,0.861080706119537,3,3,161
"580",1,1,1,0,1.66666662693024,1.66666662693024,5,0,0,0.923076927661896,0,0.861080706119537,3,3,22
"581",2,1,1,0,4,3.33333325386047,5,0,1,0.708215296268463,0,0.861080706119537,3,4,309
"582",3,0,1,0,2.33333325386047,2,5,1,0,0.816326558589935,0,0.861080706119537,3,3,78
"583",1,0,1,0,2.66666674613953,1.66666662693024,5,1,1,0.940757691860199,0,0.861080706119537,3,3,432
"584",2,0,1,0,3.33333325386047,2,5,1,1,0.65040647983551,0,0.861080706119537,3,4,262
"585",3,0,1,0,3.33333325386047,3,5,1,1,0.942675173282623,0,0.861080706119537,3,3,518
"586",1,1,0,1,4.33333349227905,3.33333325386047,4,1,0,1.07142853736877,1,0.919873356819153,3,2,1011
"587",2,0,0,1,2.66666674613953,3.33333325386047,3.33333325386047,0,1,0.833333313465118,1,0.919873356819153,3,1,395
"588",1,0,0,1,5,4.66666650772095,2,1,1,0.857142865657806,1,0.919873356819153,3,2,581
"589",2,0,0,1,3.33333325386047,3.33333325386047,3.66666674613953,1,0,0.857142865657806,1,0.919873356819153,3,2,1433
"590",1,1,0,1,3.33333325386047,2.66666674613953,5,0,1,0,1,0.919873356819153,3,1,146
"591",3,0,0,1,4.33333349227905,2.66666674613953,5,1,1,1.03896105289459,1,0.919873356819153,3,1,1119
"592",3,0,0,1,2.33333325386047,2.66666674613953,5,0,0,0.902255654335022,1,0.919873356819153,3,2,399
"593",1,0,0,1,2,2,5,1,0,1.01910829544067,1,0.919873356819153,3,1,1344
"594",3,0,0,1,3.66666674613953,3,4.33333349227905,1,0,1,1,0.919873356819153,3,1,490
"595",2,0,0,1,2.66666674613953,2.33333325386047,5,1,0,0.857142865657806,1,0.919873356819153,3,2,680
"596",1,0,0,1,4.33333349227905,3,5,1,0,0.992481172084808,1,0.919873356819153,3,1,906
"597",2,0,0,1,4.33333349227905,3.33333325386047,5,0,0,1.03734445571899,1,0.919873356819153,3,1,1290
"598",2,0,0,1,4.33333349227905,4,4,1,1,0.830769240856171,1,0.919873356819153,3,2,476
"599",2,0,0,1,1,1,1.33333337306976,1,0,0.74193549156189,1,0.919873356819153,3,2,829
"600",2,0,0,1,1.66666662693024,2.66666674613953,4.66666650772095,1,0,0.904109597206116,1,0.919873356819153,3,2,955
"601",2,0,0,1,1.66666662693024,1.66666662693024,4.33333349227905,1,0,1.03896105289459,1,0.919873356819153,3,2,970
"602",1,0,0,1,3.33333325386047,2.66666674613953,3.66666674613953,1,0,NA,1,0.919873356819153,3,2,230
"603",3,0,0,1,3,2.33333325386047,5,1,1,1,1,0.919873356819153,3,2,870
"604",1,0,0,1,3,3.33333325386047,4.66666650772095,1,0,1.06666672229767,1,0.919873356819153,3,2,872
"605",1,0,0,1,4.33333349227905,3,5,1,1,1.05714285373688,1,0.919873356819153,3,2,475
"606",1,0,0,1,2.66666674613953,3.66666674613953,4,1,0,1.00680267810822,1,0.919873356819153,3,1,849
"607",1,0,0,1,3.66666674613953,2.33333325386047,5,1,1,1.03896105289459,1,0.919873356819153,3,1,1232
"608",1,0,0,1,1,1.66666662693024,5,1,0,1,1,0.919873356819153,3,1,1370
"609",2,0,0,1,3.66666674613953,2.66666674613953,5,1,1,1.11111116409302,1,0.919873356819153,3,1,1117
"610",2,0,0,1,4.66666650772095,2.66666674613953,4.33333349227905,1,0,0.814159274101257,1,0.919873356819153,3,1,219
"611",3,0,0,1,2.33333325386047,2,3.66666674613953,1,1,0.830769240856171,1,0.923814177513123,3,2,184
"612",1,0,0,1,4,4,2.66666674613953,1,1,0.9793541431427,1,0.923814177513123,3,2,88
"613",2,0,0,1,3.33333325386047,2.66666674613953,5,1,1,1.04575169086456,1,0.923814177513123,3,1,1117
"614",2,0,0,1,1.33333337306976,1.66666662693024,5,1,1,0.841042876243591,1,0.923814177513123,3,2,990
"615",2,0,0,1,2.66666674613953,3,2.66666674613953,1,0,0.816326558589935,1,0.923814177513123,3,2,95
"616",1,1,0,1,1.33333337306976,1.66666662693024,5,1,0,0.775862097740173,1,0.923814177513123,3,2,1250
"617",1,0,0,1,1.66666662693024,2,5,1,1,0.634920656681061,1,0.923814177513123,3,2,361
"618",1,0,0,1,2,4.33333349227905,2.66666674613953,1,1,0.925147175788879,1,0.923814177513123,3,1,1214
"619",3,0,0,1,4,2.66666674613953,5,1,0,1.01910829544067,1,0.923814177513123,3,1,1151
"620",1,0,0,1,3.66666674613953,3,5,1,1,1.01910829544067,1,0.923814177513123,3,1,475
"621",2,0,0,1,2.33333325386047,2.33333325386047,5,0,1,1,1,0.923814177513123,3,1,1195
"622",3,0,0,1,1.33333337306976,1.66666662693024,5,1,0,0.765957474708557,1,0.923814177513123,3,2,342
"623",1,0,0,1,2,1.66666662693024,4.66666650772095,1,1,1.02777779102325,1,0.923814177513123,3,2,196
"624",2,0,0,1,2,1.66666662693024,5,1,1,0.870967745780945,1,0.923814177513123,3,2,153
"625",3,0,0,1,4.33333349227905,2.66666674613953,5,1,1,0.879999995231628,1,0.923814177513123,3,2,261
"626",1,0,0,1,3.33333325386047,3,5,1,0,1,1,0.923814177513123,3,1,1120
"627",2,0,0,1,2.33333325386047,2,5,1,0,0.961038947105408,1,0.923814177513123,3,2,1344
"628",1,0,0,1,3.33333325386047,3,4.33333349227905,1,1,0.902255654335022,1,0.923814177513123,3,2,59
"629",2,0,0,1,2,2,5,1,1,0.942675173282623,1,0.923814177513123,3,2,1232
"630",2,0,0,1,4,2.66666674613953,5,1,1,1,1,0.923814177513123,3,2,62
"631",1,0,0,1,4,3.33333325386047,4,1,1,0.818107426166534,1,0.923814177513123,3,2,871
"632",2,0,0,1,2.33333325386047,2.33333325386047,5,1,1,1,1,0.923814177513123,3,1,1100
"633",1,1,0,1,2.66666674613953,2,5,1,0,1.04638993740082,1,0.923814177513123,3,1,1291
"634",3,0,0,1,4.33333349227905,3,5,1,1,0.973684251308441,1,0.923814177513123,3,2,1331
"635",2,0,0,1,1.66666662693024,1.66666662693024,5,1,1,1.01910829544067,1,0.923814177513123,3,1,1251
"636",1,0,1,0,5,5,3.33333325386047,1,1,1.25423729419708,0,1.01099896430969,3,3,1413
"637",1,0,1,0,2.33333325386047,1.66666662693024,5,0,0,1.04964542388916,0,1.01099896430969,3,1,1094
"638",3,0,1,0,2,2,5,0,1,1,0,1.01099896430969,3,3,353
"639",2,0,1,0,4,2.66666674613953,5,1,1,1.11111116409302,0,1.01099896430969,3,3,302
"640",2,0,1,0,3.66666674613953,4.33333349227905,3.66666674613953,1,0,1.04575169086456,0,1.01099896430969,3,1,1207
"641",2,0,1,0,2.66666674613953,3,4,1,1,1.15774238109589,0,1.01099896430969,3,1,950
"642",1,0,1,0,3.66666674613953,2.66666674613953,4.66666650772095,1,0,1,0,1.01099896430969,3,1,1306
"643",2,0,1,0,2,2,5,1,1,1.08029198646545,0,1.01099896430969,3,3,354
"644",2,0,1,0,3.33333325386047,2.33333325386047,5,1,1,1,0,1.01099896430969,3,3,171
"645",2,0,1,0,3.33333325386047,2.33333325386047,5,0,0,1,0,1.01099896430969,3,3,21
"646",1,0,1,0,4.33333349227905,2.66666674613953,4.66666650772095,1,0,1.06451606750488,0,1.01099896430969,3,2,1333
"647",2,1,1,0,2.33333325386047,2.33333325386047,4.66666650772095,0,1,0.923076927661896,0,1.01099896430969,3,3,225
"648",3,0,1,0,1,1.66666662693024,3.66666674613953,1,1,0.89552241563797,0,1.01099896430969,3,3,60
"649",1,0,1,0,1.66666662693024,2,5,1,0,0.980132460594177,0,1.01099896430969,3,3,152
"650",1,0,1,0,3.33333325386047,3.66666674613953,3,1,1,0.923076927661896,0,1.01099896430969,3,3,198
"651",1,0,1,0,3.33333325386047,2.66666674613953,5,1,1,1.02777779102325,0,1.01099896430969,3,1,1247
"652",3,0,1,0,3,2.66666674613953,5,1,0,1.16535437107086,0,1.01099896430969,3,1,1123
"653",3,1,1,0,1,1.66666662693024,5,0,0,0.66006600856781,0,1.01099896430969,3,3,181
"654",1,0,1,0,4,3.66666674613953,4,1,1,1.03496503829956,0,1.01099896430969,3,3,337
"655",3,0,1,0,2.33333325386047,2.66666674613953,5,1,1,0.992481172084808,0,1.01099896430969,3,3,587
"656",3,1,1,0,2.66666674613953,2.66666674613953,5,0,1,0.839160859584808,0,1.01099896430969,3,3,325
"657",3,0,1,0,2.33333325386047,2.33333325386047,3,1,0,1.26984131336212,0,1.01099896430969,3,1,505
"658",1,1,1,0,2.33333325386047,2.66666674613953,5,0,1,0.944881916046143,0,1.01099896430969,3,3,309
"659",2,0,1,0,3.33333325386047,4.33333349227905,2.66666674613953,1,0,0.947368443012238,0,1.01099896430969,3,3,75
"660",1,1,1,0,4.66666650772095,3,5,1,1,1,0,1.01099896430969,3,3,282
"661",3,0,1,0,1.66666662693024,2,5,0,0,0.930232584476471,0,1.01099896430969,3,3,292
"662",2,0,1,0,3.66666674613953,2.33333325386047,4.66666650772095,1,1,1.00680267810822,0,1.01099896430969,3,3,263
"663",1,1,1,0,2.33333325386047,2.66666674613953,5,1,1,0.812127768993378,0,1.01099896430969,3,3,116
"664",1,0,1,0,3,3.33333325386047,5,1,1,1.03653800487518,0,1.01099896430969,3,1,895
"665",3,0,1,0,2.33333325386047,3.66666674613953,4.33333349227905,1,0,1.06666672229767,0,1.01099896430969,3,2,933
"666",1,0,1,0,4,3.33333325386047,5,1,0,1.07317066192627,0,1.01099896430969,3,3,215
"667",2,0,1,0,3.66666674613953,4.33333349227905,3.33333325386047,1,0,0.923076927661896,0,1.01099896430969,3,3,87
"668",1,0,1,0,4.66666650772095,4,4.33333349227905,1,1,0.961038947105408,0,1.01099896430969,3,3,642
"669",1,0,1,0,1.33333337306976,2,5,1,1,0.986666679382324,0,1.01099896430969,3,3,664
"670",3,0,1,0,3.33333325386047,1.66666662693024,5,1,1,1.03653800487518,0,1.01099896430969,3,3,279
"671",2,0,1,0,2.33333325386047,2,5,1,0,1.03896105289459,0,1.01099896430969,3,2,1310
"672",2,1,1,0,2.66666674613953,2.66666674613953,3,0,0,1.16814160346985,0,1.01099896430969,3,1,1018
"673",1,1,1,0,3,2.66666674613953,5,1,0,NA,0,0.92422091960907,3,3,1295
"674",3,0,1,0,3.66666674613953,3.33333325386047,4,1,1,NA,0,0.92422091960907,3,2,847
"675",3,1,1,0,2.66666674613953,1.66666662693024,5,0,1,0.657142817974091,0,0.92422091960907,3,3,61
"676",1,1,1,0,4.33333349227905,3.66666674613953,4,1,0,1.03896105289459,0,0.92422091960907,3,3,1066
"677",3,0,1,0,3.33333325386047,3,5,1,1,1.01910829544067,0,0.92422091960907,3,3,518
"678",1,0,1,0,4,4,2.66666674613953,1,1,NA,0,0.92422091960907,3,3,1391
"679",2,1,1,0,4,3.33333325386047,2,0,1,NA,0,0.92422091960907,3,3,1157
"680",2,0,1,0,3.66666674613953,4,3,0,1,NA,0,0.92422091960907,3,3,963
"681",2,0,1,0,2.66666674613953,1.66666662693024,5,1,1,NA,0,0.92422091960907,3,3,1180
"682",1,0,1,0,1,1.66666662693024,5,1,1,1,0,0.92422091960907,3,3,1271
"683",2,0,1,0,4,3,3.66666674613953,0,1,1,0,0.92422091960907,3,3,551
"684",2,0,1,0,4,3.33333325386047,4,1,1,1,0,0.92422091960907,3,3,1071
"685",2,0,1,0,2.33333325386047,2.66666674613953,5,0,1,0.879999995231628,0,0.92422091960907,3,3,1390
"686",1,0,1,0,3,3,4.66666650772095,0,0,0.841042876243591,0,0.92422091960907,3,3,807
"687",1,1,1,0,2.66666674613953,3.66666674613953,2.33333325386047,0,1,NA,0,0.92422091960907,3,2,1157
"688",2,0,1,0,3.33333325386047,2,5,1,1,0.75,0,0.92422091960907,3,3,435
"689",3,0,1,0,3,1.66666662693024,5,0,0,1,0,0.92422091960907,3,3,21
"690",1,0,1,0,3.33333325386047,3.33333325386047,3,0,1,0.812127768993378,0,0.92422091960907,3,3,963
"691",2,0,1,0,3,3.33333325386047,2,1,1,0.765957474708557,0,0.92422091960907,3,3,1383
"692",1,0,1,0,3.33333325386047,3,5,1,1,1,0,0.92422091960907,3,3,520
"693",1,0,1,0,4.33333349227905,2.33333325386047,5,1,1,1,0,0.92422091960907,3,3,847
"694",2,0,1,0,1.66666662693024,2.33333325386047,5,0,0,1.12820506095886,0,0.92422091960907,3,3,1105
"695",2,0,1,0,3.66666674613953,3,4.33333349227905,0,0,NA,0,0.92422091960907,3,3,807
"696",1,1,1,0,3,3,4,0,1,0.826446294784546,0,0.92422091960907,3,3,661
"697",1,0,1,0,4,3.66666674613953,4,1,0,0.826674044132233,0,0.92422091960907,3,3,1002
"698",2,1,1,0,3,2.33333325386047,4.33333349227905,1,0,0.942675173282623,0,0.92422091960907,3,3,1295
"699",2,0,1,0,2.66666674613953,2.33333325386047,5,1,0,0.986666679382324,0,0.92422091960907,3,3,1277
"700",2,0,1,0,3,3,4.33333349227905,1,1,NA,0,0.92422091960907,3,3,518
"701",2,0,1,0,3,3.33333325386047,4,0,0,NA,0,0.92422091960907,3,2,21
"702",3,0,1,0,2.66666674613953,2.33333325386047,3.66666674613953,1,0,0.895987510681152,0,0.92422091960907,3,3,705
"703",1,0,1,0,3.33333325386047,3,4,1,1,1.06194686889648,0,0.92422091960907,3,3,562
"704",1,0,1,0,2.66666674613953,2.66666674613953,3.66666674613953,0,1,0.89991819858551,0,0.92422091960907,3,3,1266
"705",1,1,0,0,4.33333349227905,3,5,0,1,1,1,0.981138110160828,3,2,138
"706",1,0,0,0,4,2.66666674613953,4.66666650772095,1,1,1.01910829544067,1,0.981138110160828,3,2,619
"707",2,0,0,0,4,2.66666674613953,4,1,1,1,1,0.981138110160828,3,2,507
"708",2,0,0,0,3,2.33333325386047,5,1,1,1.10447764396667,1,0.981138110160828,3,2,357
"709",2,0,0,0,4.66666650772095,3.33333325386047,5,1,0,1.06843781471252,1,0.981138110160828,3,2,572
"710",1,0,0,0,3,2.33333325386047,5,0,1,0.942857146263123,1,0.981138110160828,3,2,55
"711",3,0,0,0,1.66666662693024,2,5,0,1,0.942857146263123,1,0.981138110160828,3,2,129
"712",2,0,0,0,3.33333325386047,2.66666674613953,5,1,1,0.986666679382324,1,0.981138110160828,3,2,568
"713",3,0,0,0,2.33333325386047,3.33333325386047,4.33333349227905,1,1,1.00680267810822,1,0.981138110160828,3,2,1206
"714",1,0,0,0,4.33333349227905,3.33333325386047,4,1,1,0.923076927661896,1,0.981138110160828,3,2,203
"715",2,0,0,0,4.33333349227905,3,5,1,1,1.05714285373688,1,0.981138110160828,3,2,96
"716",1,1,0,0,4,2.66666674613953,5,0,1,1.02564108371735,1,0.981138110160828,3,2,764
"717",1,0,0,0,3.66666674613953,2.66666674613953,5,1,1,1.10447764396667,1,0.981138110160828,3,2,1405
"718",2,0,0,0,3.66666674613953,3,5,1,1,0.879999995231628,1,0.981138110160828,3,2,216
"719",1,0,0,0,1.33333337306976,2,5,1,1,1,1,0.981138110160828,3,2,564
"720",1,1,0,0,3.33333325386047,3.33333325386047,4.33333349227905,0,0,0.970588207244873,1,0.981138110160828,3,2,318
"721",3,1,0,0,4,3,4,0,0,1.07317066192627,1,0.981138110160828,3,2,748
"722",2,0,0,0,4,3.33333325386047,4,1,1,1.03896105289459,1,0.981138110160828,3,2,650
"723",1,0,0,0,2,2,5,1,0,0.879999995231628,1,0.981138110160828,3,2,816
"724",3,0,0,0,4.33333349227905,3.66666674613953,4,0,0,1.03125,1,0.981138110160828,3,2,77
"725",3,0,0,0,2,2.33333325386047,5,1,0,0.680000007152557,1,0.981138110160828,3,2,1406
"726",3,0,0,0,3.33333325386047,2.66666674613953,5,1,1,0.961038947105408,1,0.981138110160828,3,2,355
"727",2,0,0,0,1.66666662693024,1.66666662693024,5,1,1,0.942857146263123,1,0.981138110160828,3,2,1167
"728",3,0,0,0,1.66666662693024,2.66666674613953,3.66666674613953,0,0,0.877478063106537,1,0.981138110160828,3,2,1417
"729",1,0,0,0,3,3.66666674613953,4,1,1,1.04049491882324,1,0.981138110160828,3,2,557
"730",3,0,0,0,3,3,5,1,1,1.03448271751404,1,0.981138110160828,3,2,176
"731",2,0,0,0,4,3,5,1,1,1,1,0.981138110160828,3,2,1393
"732",2,0,0,0,4,3,5,1,0,0.879999995231628,1,0.981138110160828,3,2,795
"733",1,0,0,0,3.33333325386047,2.33333325386047,5,1,0,1.04575169086456,1,1.01648664474487,3,2,1425
"734",1,0,0,0,4.33333349227905,4,4,0,0,0.942857146263123,1,1.01648664474487,3,2,243
"735",2,0,0,0,4.66666650772095,3.33333325386047,2.66666674613953,0,1,1,1,1.01648664474487,3,1,1225
"736",2,1,0,0,2,2,5,0,0,0.992481172084808,1,1.01648664474487,3,2,436
"737",1,0,0,0,3.66666674613953,3.33333325386047,4,1,0,0.89673912525177,1,1.01648664474487,3,1,986
"738",3,1,0,0,3.33333325386047,2.33333325386047,5,0,1,1,1,1.01648664474487,3,2,325
"739",2,0,0,0,2.33333325386047,2,5,0,1,1,1,1.01648664474487,3,2,149
"740",1,0,0,0,3.33333325386047,2.33333325386047,5,0,0,1.03496503829956,1,1.01648664474487,3,1,461
"741",2,0,0,0,1.66666662693024,2,4.33333349227905,0,0,0.961038947105408,1,1.01648664474487,3,2,344
"742",1,0,0,0,1.33333337306976,1.66666662693024,5,0,1,1.06666672229767,1,1.01648664474487,3,2,287
"743",2,0,0,0,3.66666674613953,3.66666674613953,4,1,1,1.23333334922791,1,1.01648664474487,3,2,289
"744",2,0,0,0,3.33333325386047,2.33333325386047,5,1,1,1.01910829544067,1,1.01648664474487,3,1,858
"745",1,0,0,0,3.66666674613953,3,5,1,1,1.11278200149536,1,1.01648664474487,3,2,59
"746",2,0,0,0,2,2.33333325386047,5,1,1,1.01910829544067,1,1.01648664474487,3,1,498
"747",3,0,0,0,2.33333325386047,2.33333325386047,5,1,1,0.941715478897095,1,1.01648664474487,3,2,121
"748",3,0,0,0,1.66666662693024,1.66666662693024,5,1,1,1.06666672229767,1,1.01648664474487,3,2,234
"749",1,0,0,0,3.66666674613953,3,4,1,0,1.01538455486298,1,1.01648664474487,3,2,87
"750",3,1,0,0,3,3.66666674613953,3.33333325386047,0,1,1.02197241783142,1,1.01648664474487,3,1,663
"751",2,0,0,0,3.66666674613953,3,5,1,1,0.942675173282623,1,1.01648664474487,3,2,285
"752",1,0,1,0,1.66666662693024,3.33333325386047,4,1,0,NA,0,0.927793085575104,3,2,438
"753",3,0,1,0,2.66666674613953,2.66666674613953,4,0,0,NA,0,0.927793085575104,3,2,471
"754",2,0,1,0,4.33333349227905,4.33333349227905,2,1,0,NA,0,0.927793085575104,3,2,1187
"755",3,0,1,0,5,3.33333325386047,5,0,0,NA,0,0.927793085575104,3,2,404
"756",3,0,1,0,4.66666650772095,3.66666674613953,2.66666674613953,1,1,0.800000011920929,0,0.927793085575104,3,3,421
"757",2,0,1,0,3.33333325386047,2.66666674613953,5,1,1,NA,0,0.927793085575104,3,2,773
"758",3,0,1,0,2,2,3.66666674613953,1,0,NA,0,0.927793085575104,3,2,794
"759",2,0,1,0,4.33333349227905,4.33333349227905,2.33333325386047,1,0,1,0,0.927793085575104,3,3,1288
"760",1,0,1,0,2.66666674613953,2.33333325386047,5,1,0,0.862745106220245,0,0.927793085575104,3,3,1006
"761",1,0,1,0,1,1.66666662693024,4.66666650772095,1,0,NA,0,0.927793085575104,3,2,699
"762",1,0,1,0,4.33333349227905,3,5,1,1,0.657142817974091,0,0.927793085575104,3,3,1072
"763",2,1,1,0,3.33333325386047,3,3,0,1,NA,0,0.927793085575104,3,2,542
"764",1,0,1,0,4.33333349227905,3.33333325386047,5,1,1,0.980132460594177,0,0.927793085575104,3,3,1014
"765",1,0,1,0,4,2.33333325386047,5,1,0,NA,0,0.927793085575104,3,2,453
"766",3,0,1,0,3.66666674613953,3,4.33333349227905,1,1,0.657142817974091,0,0.927793085575104,3,3,978
"767",2,0,1,0,4.66666650772095,4.33333349227905,4,1,1,0.875912427902222,0,0.927793085575104,3,3,1088
"768",2,0,1,0,1.66666662693024,2,5,1,1,0.897959172725677,0,0.927793085575104,3,3,888
"769",1,0,1,0,3.66666674613953,3,4.66666650772095,0,0,1.09289622306824,0,0.927793085575104,3,3,838
"770",3,0,1,0,4.66666650772095,2.33333325386047,4,1,0,NA,0,0.927793085575104,3,2,559
"771",3,0,1,0,3.66666674613953,3,5,1,0,0.942675173282623,0,0.927793085575104,3,3,926
"772",1,0,1,0,3.66666674613953,2.33333325386047,3.66666674613953,0,0,NA,0,0.927793085575104,3,2,550
"773",3,0,1,0,1.66666662693024,1.66666662693024,3,1,0,1.03932583332062,0,0.927793085575104,3,3,554
"774",1,0,1,0,1.66666662693024,1.66666662693024,3,0,1,NA,0,0.927793085575104,3,2,1282
"775",2,0,1,0,3,4,4,1,1,NA,0,0.927793085575104,3,2,693
"776",2,0,1,0,1.66666662693024,2,5,0,1,NA,0,0.927793085575104,3,2,722
"777",1,0,1,0,2.33333325386047,2.33333325386047,4.33333349227905,0,0,NA,0,0.927793085575104,3,2,1140
"778",2,1,1,0,4,2.66666674613953,5,0,0,NA,0,0.927793085575104,3,2,393
"779",1,1,1,0,1.66666662693024,2.33333325386047,3,0,1,NA,0,0.927793085575104,3,2,749
"780",2,0,1,0,4.33333349227905,3.33333325386047,5,1,0,NA,0,0.927793085575104,3,2,820
"781",2,0,1,0,4.33333349227905,3.33333325386047,1.66666662693024,1,0,NA,0,0.927793085575104,3,2,1287
"782",3,0,1,0,2,2,5,0,1,1,0,0.927793085575104,3,3,1027
"783",1,0,1,0,2.66666674613953,2.66666674613953,5,1,1,NA,0,0.927793085575104,3,2,430
"784",1,0,1,0,1.33333337306976,2,5,0,0,NA,0,0.927793085575104,3,2,457
"785",3,0,1,0,2,2.33333325386047,5,0,0,NA,0,0.927793085575104,3,2,474
"786",2,0,1,0,3,2.33333325386047,5,1,0,NA,0,0.927793085575104,3,3,768
"787",1,1,1,0,2,2.66666674613953,5,1,0,1.06666672229767,0,0.927793085575104,3,3,903
"788",1,0,1,0,2.66666674613953,3.33333325386047,4.33333349227905,1,0,1,0,0.927793085575104,3,3,846
"789",1,1,1,0,1.66666662693024,1.66666662693024,3,1,0,NA,0,0.927793085575104,3,2,1174
"790",1,0,1,0,2,2.33333325386047,5,0,0,0.879999995231628,0,0.927793085575104,3,3,406
"791",2,0,1,0,2,2.33333325386047,5,0,0,1.00680267810822,0,0.927793085575104,3,3,916
"792",3,0,1,0,2.66666674613953,2.33333325386047,3.33333325386047,1,0,NA,0,0.927793085575104,3,2,1330
"793",1,0,1,0,4.33333349227905,4,4,0,1,NA,0,0.927793085575104,3,2,569
"794",3,0,1,0,2,2,5,1,0,0.89991819858551,0,0.927793085575104,3,3,832
"795",2,1,1,0,2.66666674613953,2.66666674613953,2,0,1,NA,0,0.927793085575104,3,2,580
"796",3,1,1,0,2.33333325386047,2,5,0,0,NA,0,0.927793085575104,3,2,594
"797",2,0,1,0,3.66666674613953,2.66666674613953,5,1,1,1.01910829544067,0,0.927793085575104,3,3,896
"798",3,0,1,0,2,2,5,1,0,NA,0,0.927793085575104,3,2,547
"799",2,0,1,0,1.33333337306976,2.33333325386047,4.66666650772095,0,1,NA,0,0.927793085575104,3,2,738
"800",2,0,1,0,1,1,3,0,0,NA,0,0.927793085575104,3,2,1116
"801",2,0,1,0,2.33333325386047,1.66666662693024,5,1,0,NA,0,0.927793085575104,3,2,586
"802",1,0,1,0,2.33333325386047,2.33333325386047,3,0,0,NA,0,0.927793085575104,3,2,951
"803",1,1,1,0,5,3,5,1,0,0.949640274047852,0,0.927793085575104,3,3,758
"804",2,0,1,0,3.66666674613953,3,3,0,1,0.800000011920929,0,0.864960134029388,3,3,1093
"805",2,0,1,0,3.33333325386047,2.33333325386047,5,0,0,0.722804486751556,0,0.864960134029388,3,3,1300
"806",1,0,1,0,2.66666674613953,2.33333325386047,5,1,0,0.917150735855103,0,0.864960134029388,3,2,604
"807",2,0,1,0,3.66666674613953,2.66666674613953,4,1,0,1,0,0.864960134029388,3,3,1301
"808",3,0,1,0,3.33333325386047,3,1,1,1,0.60198301076889,0,0.864960134029388,3,2,803
"809",1,1,1,0,4.33333349227905,3.66666674613953,3.66666674613953,0,0,0.876028656959534,0,0.864960134029388,3,2,1222
"810",2,0,1,0,2.66666674613953,2,4.66666650772095,1,0,0.961258351802826,0,0.864960134029388,3,2,462
"811",1,0,1,0,4.33333349227905,4.66666650772095,4,1,0,0.800000011920929,0,0.864960134029388,3,3,1402
"812",2,0,1,0,2,1.66666662693024,4.66666650772095,0,0,1.01910829544067,0,0.864960134029388,3,2,841
"813",1,0,1,0,3.33333325386047,3.66666674613953,4.66666650772095,1,1,0.676470577716827,0,0.864960134029388,3,2,1249
"814",1,0,1,0,3.33333325386047,3,1,1,1,0.882352948188782,0,0.864960134029388,3,3,1267
"815",1,0,1,0,1,1.66666662693024,5,0,0,1.05263161659241,0,0.864960134029388,3,2,1042
"816",2,1,1,0,4.33333349227905,4.66666650772095,3.66666674613953,0,0,0.261682242155075,0,0.864960134029388,3,2,594
"817",3,0,1,0,3.33333325386047,2.33333325386047,4,1,1,0.963503658771515,0,0.864960134029388,3,3,888
"818",1,0,1,0,2.33333325386047,3.33333325386047,4.66666650772095,1,0,1.00680267810822,0,0.864960134029388,3,2,820
"819",1,0,1,0,3.66666674613953,2.33333325386047,5,1,0,0.89991819858551,0,0.864960134029388,3,2,617
"820",2,1,1,0,4,3.66666674613953,1.33333337306976,0,0,0.368421047925949,0,0.864960134029388,3,3,1296
"821",2,0,1,0,3,2,5,1,0,0.818107426166534,0,0.864960134029388,3,3,1220
"822",2,0,1,0,3.66666674613953,3.66666674613953,5,0,1,0.944881916046143,0,0.864960134029388,3,2,722
"823",1,0,1,0,3.33333325386047,3.66666674613953,3.66666674613953,1,1,1.00899922847748,0,0.864960134029388,3,3,1314
"824",3,0,1,0,2.66666674613953,2,5,0,0,0.961258351802826,0,0.864960134029388,3,2,909
"825",3,0,1,0,3,2.33333325386047,5,1,1,0.976510941982269,0,0.864960134029388,3,2,693
"826",3,0,1,0,2.33333325386047,1.66666662693024,5,0,0,0.653846144676208,0,0.864960134029388,3,3,1387
"827",1,1,1,0,2,2,2.66666674613953,0,0,0.900090038776398,0,0.864960134029388,3,3,1158
"828",1,0,1,0,1.66666662693024,2.33333325386047,3,0,0,0.92800897359848,0,0.864960134029388,3,3,1171
"829",2,0,1,0,2,1.66666662693024,5,1,0,0.833333313465118,0,0.864960134029388,3,2,969
"830",2,0,1,0,1,1.66666662693024,5,1,0,1.33333337306976,0,0.864960134029388,3,2,625
"831",3,1,1,0,2,1.66666662693024,5,0,0,0.714063942432404,0,0.864960134029388,3,2,1104
"832",3,1,1,0,1.66666662693024,1.66666662693024,5,1,0,0.857142865657806,0,0.864960134029388,3,3,1364
"833",1,1,1,0,2,3.66666674613953,3.66666674613953,0,0,0.727272748947144,0,0.864960134029388,3,3,1155
"834",1,0,1,0,4,3.33333325386047,5,1,0,1.06666672229767,0,0.864960134029388,3,2,496
"835",2,0,1,0,1.33333337306976,1.66666662693024,3,0,1,1.04575169086456,0,0.864960134029388,3,3,1112
"836",2,0,1,0,3.66666674613953,3.66666674613953,4.33333349227905,1,0,0.889152348041534,0,0.864960134029388,3,2,413
"837",1,0,1,0,4.66666650772095,4.33333349227905,3.66666674613953,1,0,0.86239218711853,0,0.864960134029388,3,3,1118
"838",3,0,1,0,2.33333325386047,2.33333325386047,5,0,0,0.942675173282623,0,0.864960134029388,3,2,786
"839",1,0,0,1,4,3,4.66666650772095,0,0,0.961038947105408,0,0.938626825809479,3,1,701
"840",2,0,0,1,2,2.33333325386047,4,1,0,0.850099205970764,0,0.938626825809479,3,1,504
"841",1,1,0,1,3.33333325386047,3.33333325386047,4.33333349227905,0,0,1.12485933303833,0,0.938626825809479,3,1,256
"842",2,0,0,1,2.66666674613953,2.66666674613953,4,1,0,0.548387110233307,0,0.938626825809479,3,2,740
"843",1,0,0,1,3.66666674613953,3.33333325386047,4.66666650772095,1,0,1,0,0.938626825809479,3,2,450
"844",3,0,0,1,5,3,5,1,0,1.16516160964966,0,0.938626825809479,3,2,305
"845",3,1,0,1,3,2.33333325386047,3.33333325386047,1,1,0.986666679382324,0,0.938626825809479,3,1,946
"846",3,0,0,1,4.33333349227905,3.33333325386047,5,1,1,1.14285719394684,0,0.938626825809479,3,2,261
"847",2,1,0,1,3.66666674613953,3.66666674613953,4.66666650772095,0,1,0.923076927661896,0,0.938626825809479,3,1,764
"848",1,0,0,1,3.33333325386047,3,4.66666650772095,1,0,0.992481172084808,0,0.938626825809479,3,2,721
"849",3,0,0,1,3,2.66666674613953,4,1,0,0.788321197032928,0,0.938626825809479,3,2,136
"850",1,0,0,1,3.66666674613953,4,4,1,0,0.902255654335022,0,0.938626825809479,3,1,906
"851",1,1,0,1,4,4,2.66666674613953,0,1,0.776699006557465,0,0.938626825809479,3,1,241
"852",1,0,0,1,1.66666662693024,2.33333325386047,5,1,0,NA,0,0.938626825809479,3,1,737
"853",2,0,0,1,3.66666674613953,3.33333325386047,1.66666662693024,1,1,0.833333313465118,0,0.938626825809479,3,1,335
"854",1,0,0,1,4.66666650772095,3.33333325386047,5,1,1,0.972622513771057,0,0.938626825809479,3,2,364
"855",3,0,0,1,3.33333325386047,3,3.66666674613953,1,1,1.01910829544067,0,0.938626825809479,3,1,74
"856",3,0,0,1,4.66666650772095,2.66666674613953,5,0,1,1.11888110637665,0,0.938626825809479,3,2,723
"857",2,0,0,1,3,3,4,1,1,0.902255654335022,0,0.938626825809479,3,2,587
"858",1,0,0,1,4.33333349227905,4.33333349227905,4,1,1,0.68656712770462,0,0.938626825809479,3,2,185
"859",2,0,0,1,4.33333349227905,3,5,1,1,0.876493990421295,0,0.938626825809479,3,1,1430
"860",2,0,0,1,2,2,3,1,1,0.980132460594177,0,0.938626825809479,3,1,23
"861",2,1,0,1,4,3.66666674613953,5,1,1,0.876493990421295,0,0.938626825809479,3,2,1431
"862",1,0,0,1,4,4.66666650772095,4.33333349227905,0,1,0.980132460594177,0,0.938626825809479,3,2,222
"863",1,1,0,1,1.33333337306976,2,5,0,0,1.13793098926544,0,0.938626825809479,3,1,382
"864",1,0,0,1,2.66666674613953,3,4.66666650772095,1,1,0.942675173282623,0,0.938626825809479,3,1,915
"865",2,0,0,1,3.33333325386047,2.33333325386047,5,1,0,0.765957474708557,0,0.938626825809479,3,2,253
"866",3,0,0,1,4.33333349227905,4.33333349227905,3,1,0,NA,0,0.938626825809479,3,2,677
"867",2,0,0,1,4.66666650772095,3.66666674613953,5,1,1,1.08843541145325,0,0.938626825809479,3,2,608
"868",2,1,0,0,1.66666662693024,2.33333325386047,5,0,0,0.870967745780945,1,0.933285772800446,1,1,53
"869",1,0,0,0,3.33333325386047,2.33333325386047,5,1,1,1.00426816940308,1,0.933285772800446,1,1,46
"870",2,0,0,0,4.33333349227905,3,5,1,1,1.01910829544067,1,0.933285772800446,1,2,487
"871",1,1,0,0,3.33333325386047,2.66666674613953,5,0,0,0.923076927661896,1,0.933285772800446,1,2,763
"872",2,0,0,0,2.66666674613953,3.33333325386047,4,1,1,0.89991819858551,1,0.933285772800446,1,1,1068
"873",2,0,0,0,3,4,4,1,0,0.900090038776398,1,0.933285772800446,1,2,640
"874",3,0,0,0,3,2.66666674613953,5,1,1,0.882352948188782,1,0.933285772800446,1,1,1215
"875",2,0,0,0,4.33333349227905,3.33333325386047,5,1,1,0.99703586101532,1,0.933285772800446,1,1,708
"876",1,0,0,0,1.66666662693024,2,5,1,0,0.923076927661896,1,0.933285772800446,1,2,653
"877",2,0,0,0,2.66666674613953,2.33333325386047,5,1,0,0.902255654335022,1,0.933285772800446,1,1,1326
"878",3,0,0,0,1.66666662693024,2.33333325386047,5,0,0,1.08029198646545,1,0.933285772800446,1,2,497
"879",3,0,0,0,2.33333325386047,1.66666662693024,4.66666650772095,0,1,0.942857146263123,1,0.933285772800446,1,1,12
"880",3,0,0,0,2.33333325386047,2.33333325386047,5,1,0,0.902255654335022,1,0.933285772800446,1,2,1153
"881",1,0,0,0,2.66666674613953,2.66666674613953,5,1,0,0.934050381183624,1,0.933285772800446,1,1,948
"882",1,0,0,0,4,2.66666674613953,5,1,0,0.862745106220245,1,0.933285772800446,1,2,769
"883",1,0,0,0,4.33333349227905,3,5,1,0,0.891530454158783,1,0.933285772800446,1,2,897
"884",2,0,0,0,3,3,4.66666650772095,0,0,0.882352948188782,1,0.933285772800446,1,2,428
"885",2,0,0,0,4,3.33333325386047,2.33333325386047,1,0,0.851063847541809,1,0.933285772800446,1,1,1201
"886",2,0,0,0,3.66666674613953,4,4.33333349227905,0,0,0.942857146263123,1,0.933285772800446,1,2,835
"887",1,0,0,0,4.33333349227905,4.33333349227905,4.33333349227905,1,1,0.923076927661896,1,0.933285772800446,1,2,812
"888",1,0,0,0,3.66666674613953,2.66666674613953,5,1,1,0.948717951774597,1,0.933285772800446,1,1,1385
"889",1,0,0,0,4.66666650772095,3,5,1,0,0.867302715778351,1,0.933285772800446,1,1,1429
"890",2,0,0,0,2.33333325386047,2.33333325386047,5,1,1,1.01910829544067,1,0.933285772800446,1,2,670
"891",1,0,0,0,4,3,5,1,1,1.01910829544067,1,0.933285772800446,1,1,148
"892",1,1,0,0,4.33333349227905,2.33333325386047,4.66666650772095,1,0,0.942675173282623,1,0.933285772800446,1,2,523
"893",3,0,0,0,3,2.33333325386047,5,1,0,0.942675173282623,1,0.928719162940979,1,4,534
"894",1,1,0,0,3.66666674613953,4,3.66666674613953,0,1,1,1,0.928719162940979,1,1,1322
"895",2,0,0,0,4,3.66666674613953,3.33333325386047,1,0,0.862745106220245,1,0.928719162940979,1,4,440
"896",2,0,0,0,3.66666674613953,4,3.33333325386047,0,1,1.12485933303833,1,0.928719162940979,1,1,1347
"897",1,0,0,0,3.33333325386047,2.33333325386047,4.66666650772095,1,0,0.949640274047852,1,0.928719162940979,1,4,1395
"898",3,0,0,0,3,3,2.33333325386047,1,0,0.923076927661896,1,0.928719162940979,1,4,492
"899",1,0,0,0,3,3.33333325386047,4,1,1,0.904109597206116,1,0.928719162940979,1,4,638
"900",3,0,0,0,1,1.66666662693024,4.33333349227905,1,1,0.875912427902222,1,0.928719162940979,1,4,607
"901",2,0,0,0,2.33333325386047,2.33333325386047,3.33333325386047,1,0,NA,1,0.928719162940979,1,4,1203
"902",2,0,0,0,2.33333325386047,2.33333325386047,5,1,0,0.857142865657806,1,0.928719162940979,1,1,936
"903",1,0,0,0,3.66666674613953,2.33333325386047,4.33333349227905,1,1,1.00680267810822,1,0.928719162940979,1,4,301
"904",1,1,0,0,4.33333349227905,3,5,1,1,0.942675173282623,1,0.928719162940979,1,4,513
"905",3,0,0,0,3.66666674613953,3,5,1,1,0.942675173282623,1,0.928719162940979,1,1,826
"906",1,0,0,0,3.66666674613953,2.33333325386047,5,0,1,1,1,0.928719162940979,1,4,68
"907",2,0,0,0,4.33333349227905,4,2.33333325386047,1,0,0.875912427902222,1,0.928719162940979,1,1,132
"908",1,0,0,0,4,3.66666674613953,3,1,1,NA,1,0.928719162940979,1,4,1397
"909",2,1,0,0,2.66666674613953,2.33333325386047,4.33333349227905,0,1,1.19976007938385,1,0.928719162940979,1,4,333
"910",1,0,0,0,2.66666674613953,2,4.33333349227905,1,1,0.833333313465118,1,0.928719162940979,1,4,681
"911",2,0,0,0,3.33333325386047,3.66666674613953,3.33333325386047,1,0,0.833333313465118,1,0.928719162940979,1,4,50
"912",2,0,0,0,3.66666674613953,3,4,1,1,0.942857146263123,1,0.928719162940979,1,1,168
"913",2,0,0,0,3.33333325386047,2,4.66666650772095,1,1,1,1,0.928719162940979,1,4,925
"914",1,0,0,0,4,3,5,0,1,1.04575169086456,1,0.928719162940979,1,1,419
"915",3,0,0,0,3.66666674613953,2.66666674613953,5,0,0,1.01910829544067,1,0.928719162940979,1,1,841
"916",2,1,0,0,4,3.33333325386047,4,0,1,0.800000011920929,1,0.928719162940979,1,4,319
"917",1,0,0,0,4,2.66666674613953,5,1,0,1.12485933303833,1,0.928719162940979,1,1,1118
"918",2,0,0,0,3.33333325386047,3,4,1,0,1.16504859924316,1,0.928719162940979,1,1,1183
"919",2,0,0,0,2,2,5,0,0,NA,1,0.928719162940979,1,1,1216
"920",2,0,0,0,4,2.33333325386047,5,1,0,0.961038947105408,1,0.928719162940979,1,4,259
"921",2,0,0,0,4,2.33333325386047,1,1,0,0.980132460594177,1,0.928719162940979,1,4,238
"922",1,0,0,0,3,3,3.33333325386047,1,1,NA,1,0.928719162940979,1,4,1388
"923",3,0,0,0,3.33333325386047,2.66666674613953,4,0,0,0.835137665271759,1,0.928719162940979,1,4,508
"924",2,0,0,0,4.33333349227905,3,3.33333325386047,1,1,1.08843541145325,1,0.928719162940979,1,4,700
"925",2,0,0,0,3.66666674613953,4.33333349227905,3.33333325386047,1,0,0.961038947105408,1,0.928719162940979,1,4,409
"926",1,1,0,0,3.33333325386047,2.66666674613953,5,0,0,0.77142858505249,1,0.928719162940979,1,1,414
"927",3,1,0,0,4,3.66666674613953,3,1,1,1.00680267810822,1,0.928719162940979,1,4,566
"928",1,0,0,0,4,4,3,1,1,0.875912427902222,1,0.928719162940979,1,4,1418
"929",2,0,0,0,1,1.66666662693024,3,1,0,0.902255654335022,1,0.928719162940979,1,4,602
"930",3,0,0,0,2.66666674613953,2,5,1,1,0.818107426166534,1,0.928719162940979,1,1,46
"931",1,1,0,0,2.66666674613953,2.66666674613953,5,0,0,0,1,0.928719162940979,1,1,755
"932",1,0,0,0,2.33333325386047,2,5,1,0,0.895819544792175,1,0.928719162940979,1,4,1161
"933",1,0,0,0,3,3,4,0,1,0.986666679382324,1,0.928719162940979,1,4,527
"934",3,0,0,0,3,2.33333325386047,5,0,0,1.02777779102325,1,0.928719162940979,1,4,484
"935",3,1,0,0,2.33333325386047,2.33333325386047,2.66666674613953,1,0,0.942857146263123,1,0.928719162940979,1,4,1364
"936",3,0,0,0,1.66666662693024,1.66666662693024,5,0,1,0.923076927661896,1,0.928719162940979,1,4,1147
"937",1,0,1,0,3,2.66666674613953,3.66666674613953,1,1,0.847457647323608,1,0.916970372200012,3,3,1338
"938",1,0,1,0,4,3.33333325386047,5,0,1,1,1,0.916970372200012,3,4,149
"939",2,0,1,0,3,3,3,1,1,0.824427485466003,1,0.916970372200012,3,4,624
"940",2,0,1,0,1.66666662693024,2.33333325386047,3,1,1,0.65040647983551,1,0.916970372200012,3,4,724
"941",1,0,1,0,5,4,3,1,1,0.958797633647919,1,0.916970372200012,3,4,659
"942",1,0,1,0,4.33333349227905,3,3.66666674613953,1,1,1,1,0.916970372200012,3,4,412
"943",3,0,1,0,4.66666650772095,3.33333325386047,1.66666662693024,0,1,1.03937005996704,1,0.916970372200012,3,3,569
"944",2,0,1,0,3,3.66666674613953,3.33333325386047,0,1,1.06382977962494,1,0.916970372200012,3,3,1096
"945",1,0,1,0,4,4.33333349227905,4,1,1,0.942675173282623,1,0.916970372200012,3,3,1071
"946",3,0,1,0,2.66666674613953,2,5,1,0,1.02777779102325,1,0.916970372200012,3,4,766
"947",2,0,1,0,1.66666662693024,1.66666662693024,4.66666650772095,0,0,0.824427485466003,1,0.916970372200012,3,3,649
"948",2,0,1,0,2,3.66666674613953,4,0,1,1.02564108371735,1,0.916970372200012,3,1,1184
"949",3,0,1,0,4.66666650772095,3.33333325386047,4.33333349227905,1,1,0.843644559383392,1,0.916970372200012,3,4,557
"950",1,0,1,0,3.66666674613953,3,4.33333349227905,1,1,0.904109597206116,1,0.916970372200012,3,4,563
"951",2,0,1,0,3.66666674613953,2.33333325386047,4.66666650772095,1,1,0.961038947105408,1,0.916970372200012,3,4,518
"952",2,0,1,0,3.66666674613953,2.33333325386047,5,1,1,0.961038947105408,1,0.916970372200012,3,4,736
"953",1,0,1,0,2.66666674613953,2.33333325386047,5,0,1,0.809523820877075,1,0.916970372200012,3,4,616
"954",2,0,1,0,3,3,5,1,1,0.904109597206116,1,0.916970372200012,3,4,667
"955",3,0,1,0,1,1.66666662693024,3.33333325386047,0,1,NA,1,0.916970372200012,3,4,792
"956",1,0,1,0,4.33333349227905,3,5,1,1,1.01910829544067,1,0.916970372200012,3,4,717
"957",1,0,1,0,3,2.66666674613953,4,0,1,1.00680267810822,1,0.916970372200012,3,3,799
"958",1,1,1,0,4,3.66666674613953,4,0,1,0.857142865657806,1,0.916970372200012,3,4,381
"959",1,0,1,0,2.66666674613953,2.66666674613953,5,1,1,0.964285731315613,1,0.916970372200012,3,1,1227
"960",1,0,1,0,3.66666674613953,2.33333325386047,1,1,1,0.893203854560852,1,0.916970372200012,3,3,808
"961",3,0,1,0,2,2,4.33333349227905,0,0,0.937896072864532,1,0.916970372200012,3,3,400
"962",1,0,1,0,4.66666650772095,4.66666650772095,2.33333325386047,1,1,0.879999995231628,1,0.916970372200012,3,3,1199
"963",2,0,1,0,1,1.66666662693024,5,0,0,0.963503658771515,1,0.916970372200012,3,4,497
"964",3,0,1,0,4.66666650772095,3,4,0,1,0.948717951774597,1,0.916970372200012,3,3,1184
"965",2,1,1,0,3.66666674613953,3,4,0,1,0.961038947105408,1,0.916970372200012,3,3,542
"966",1,1,1,0,4.33333349227905,4.33333349227905,3,0,1,0.857142865657806,1,0.916970372200012,3,3,918
"967",2,0,1,0,5,4.33333349227905,2,1,1,0.961038947105408,1,0.916970372200012,3,3,1231
"968",1,0,1,0,3.33333325386047,2.33333325386047,4.66666650772095,1,1,0.835137665271759,1,0.916970372200012,3,4,733
"969",1,0,1,0,3.66666674613953,3.33333325386047,4,1,0,0.958797633647919,1,0.916970372200012,3,3,493
"970",1,0,1,0,4.66666650772095,4,2.66666674613953,1,1,0.862745106220245,1,0.916970372200012,3,3,856
"971",3,1,1,0,4,4.33333349227905,3.33333325386047,0,0,1.03904283046722,1,0.916970372200012,3,3,1318
"972",3,0,1,0,4,3.33333325386047,4.33333349227905,1,1,0.942675173282623,1,0.916970372200012,3,4,472
"973",1,0,1,0,4.66666650772095,4,2,1,1,0.949640274047852,1,0.916970372200012,3,3,435
"974",2,0,1,0,2.33333325386047,2.33333325386047,4.66666650772095,0,1,1.01538455486298,1,0.916970372200012,3,4,67
"975",2,0,1,0,1.66666662693024,1.66666662693024,3,0,0,0.773109257221222,1,0.916970372200012,3,4,371
"976",2,0,1,0,5,4,1.66666662693024,1,1,0.839160859584808,1,0.916970372200012,3,3,571
"977",2,1,1,0,4.33333349227905,4,4,0,1,0.963503658771515,1,0.916970372200012,3,3,662
"978",1,0,1,0,5,4.66666650772095,3.33333325386047,1,0,0.857142865657806,1,0.916970372200012,3,4,503
"979",3,1,1,0,1.66666662693024,2,5,0,1,1.00680267810822,1,0.916970372200012,3,3,645
"980",3,0,1,0,3,2.33333325386047,5,1,1,1,1,0.916970372200012,3,4,98
"981",3,0,1,0,3,2.66666674613953,5,1,1,0.862745106220245,1,0.916970372200012,3,4,689
"982",1,0,1,0,4.33333349227905,1.66666662693024,5,0,1,0.730158686637878,1,0.916970372200012,3,4,750
"983",2,0,1,0,2,2.33333325386047,5,0,1,0.970588207244873,1,0.916970372200012,3,4,738
"984",1,1,1,0,2.33333325386047,2.33333325386047,3,1,1,0.839160859584808,1,0.916970372200012,3,4,778
"985",3,0,1,0,3.33333325386047,3,4,1,0,0.902255654335022,1,0.916970372200012,3,3,850
"986",2,0,1,0,4.33333349227905,4,4.33333349227905,0,1,1.03896105289459,1,0.916970372200012,3,3,1196
"987",2,0,1,0,3.66666674613953,2.33333325386047,5,1,1,1.04058277606964,1,0.916970372200012,3,4,115
"988",2,0,1,0,4.66666650772095,4.33333349227905,3.33333325386047,1,1,1,1,0.916970372200012,3,3,1401
"989",3,0,1,0,2,2.33333325386047,5,1,0,0.961038947105408,1,0.916970372200012,3,4,718
"990",3,0,1,0,4.33333349227905,3.66666674613953,3,1,1,0.765957474708557,1,0.916970372200012,3,4,1415
"991",2,1,1,0,2.66666674613953,3,3,0,1,1.07142853736877,1,0.916970372200012,3,3,959
"992",2,0,1,0,4.66666650772095,3.33333325386047,1.66666662693024,0,0,0.788321197032928,1,0.916970372200012,3,4,836
"993",1,0,1,0,3.66666674613953,2.66666674613953,5,1,1,0.986666679382324,1,0.916970372200012,3,3,693
"994",3,0,1,0,3,3.66666674613953,4.33333349227905,0,1,0.961038947105408,1,0.916970372200012,3,1,1196
"995",1,1,1,0,3.33333325386047,4.33333349227905,3.66666674613953,0,1,0.897959172725677,1,0.916970372200012,3,3,674
"996",3,0,1,0,4,4,4,0,1,0.816326558589935,1,0.916970372200012,3,3,1152
"997",1,1,1,0,5,3,5,0,0,0.82781457901001,1,0.916970372200012,3,4,415
"998",3,0,1,0,5,3.33333325386047,5,1,1,1.01807069778442,1,0.916970372200012,3,3,473
"999",3,0,1,0,3.66666674613953,4.33333349227905,3.33333325386047,0,1,0.973684251308441,1,0.916970372200012,3,3,1319
"1000",3,0,1,0,4.66666650772095,2.66666674613953,1,1,1,0.435073614120483,1,0.916970372200012,3,4,954
"1001",1,0,1,0,4.33333349227905,3.33333325386047,5,0,1,1,1,0.816590487957001,3,4,81
"1002",2,0,1,0,3.66666674613953,3.33333325386047,4.33333349227905,1,1,0.934050381183624,1,0.816590487957001,3,4,106
"1003",2,0,1,0,4.33333349227905,4,4.33333349227905,1,1,1.01910829544067,1,0.816590487957001,3,4,270
"1004",1,0,1,0,2,2,5,1,1,0.986666679382324,1,0.816590487957001,3,4,790
"1005",2,0,1,0,1.33333337306976,1.66666662693024,5,0,1,1.05960261821747,1,0.816590487957001,3,1,1196
"1006",2,0,1,0,2.66666674613953,2.33333325386047,3.66666674613953,1,1,0.643356621265411,1,0.816590487957001,3,4,641
"1007",2,0,1,0,4.33333349227905,3.66666674613953,2,1,1,0.902255654335022,1,0.816590487957001,3,4,128
"1008",1,0,1,0,3.33333325386047,3.66666674613953,4.33333349227905,1,0,1.15107917785645,1,0.816590487957001,3,4,1395
"1009",1,0,1,0,4,2.33333325386047,4.33333349227905,1,1,0.800000011920929,1,0.816590487957001,3,4,688
"1010",3,0,1,0,2.66666674613953,3.33333325386047,2,1,1,0.607142865657806,1,0.816590487957001,3,4,246
"1011",2,0,1,0,3.66666674613953,3.66666674613953,1,1,1,0.297872334718704,1,0.816590487957001,3,4,257
"1012",1,0,1,0,1.33333337306976,1.66666662693024,5,0,1,1,1,0.816590487957001,3,1,1184
"1013",1,0,1,0,3.33333325386047,2.66666674613953,2.66666674613953,1,1,1.00680267810822,1,0.816590487957001,3,4,245
"1014",3,0,1,0,1,1.66666662693024,5,1,1,0.942675173282623,1,0.816590487957001,3,4,354
"1015",1,0,1,0,3.66666674613953,3.33333325386047,4.33333349227905,0,1,0.816326558589935,1,0.816590487957001,3,4,229
"1016",3,0,1,0,2.33333325386047,2.33333325386047,5,1,0,0.961038947105408,1,0.816590487957001,3,4,97
"1017",1,1,1,0,3.66666674613953,4,3.66666674613953,0,1,0,1,0.816590487957001,3,4,334
"1018",2,0,1,0,3,2.33333325386047,4.33333349227905,1,1,1.01807069778442,1,0.816590487957001,3,4,121
"1019",1,0,1,0,4,3,5,0,1,0.942857146263123,1,0.816590487957001,3,4,657
"1020",1,0,1,0,4,3,5,0,1,0.816326558589935,1,0.816590487957001,3,4,119
"1021",2,0,1,0,5,3.33333325386047,1.33333337306976,1,1,0.816326558589935,1,0.816590487957001,3,4,120
"1022",3,0,1,0,4.33333349227905,3,1,1,1,1,1,0.816590487957001,3,4,480
"1023",3,0,1,0,2.66666674613953,2.33333325386047,2.33333325386047,1,1,0.724409461021423,1,0.816590487957001,3,4,191
"1024",3,1,1,0,2.33333325386047,2.66666674613953,1.33333337306976,0,0,0.830769240856171,1,0.816590487957001,3,4,548
"1025",1,0,1,0,3.66666674613953,3.33333325386047,3.33333325386047,1,1,1.01910829544067,1,0.816590487957001,3,4,278
"1026",2,0,1,0,3.33333325386047,2.33333325386047,5,1,1,0.561983466148376,1,0.816590487957001,3,4,605
"1027",1,1,1,0,2.33333325386047,2.33333325386047,5,0,1,0.689655184745789,1,0.816590487957001,3,4,310
"1028",2,0,1,0,4.33333349227905,3,1,0,1,0.49635037779808,1,0.816590487957001,3,4,179
"1029",3,0,1,0,1.33333337306976,1.66666662693024,5,0,1,0,1,0.816590487957001,3,4,290
"1030",2,0,1,0,3,2.66666674613953,5,1,1,0.982735753059387,1,0.816590487957001,3,4,100
"1031",2,0,1,0,1,1.66666662693024,5,0,1,1,1,0.816590487957001,3,4,1109
"1032",3,0,1,0,3.33333325386047,2.66666674613953,4.66666650772095,1,1,0.666666686534882,1,0.816590487957001,3,4,197
"1033",2,0,1,0,1.66666662693024,1.66666662693024,5,1,1,0.879999995231628,1,0.816590487957001,3,1,1227
"1034",3,1,1,0,3.33333325386047,2.66666674613953,1.33333337306976,0,1,0.805970191955566,1,0.816590487957001,3,4,316
"1035",1,1,1,0,2.66666674613953,2.66666674613953,5,0,0,1.08029198646545,1,0.816590487957001,3,4,358
"1036",2,1,1,0,4,4.33333349227905,3.33333325386047,0,1,0.970588207244873,1,0.816590487957001,3,4,537
"1037",1,0,1,0,3.33333325386047,2.33333325386047,4,1,1,0.812030076980591,1,0.816590487957001,3,4,162
"1038",3,0,1,0,4,3,2.33333325386047,1,1,0.788321197032928,1,0.816590487957001,3,4,707
"1039",3,0,1,0,4.66666650772095,3.66666674613953,4.33333349227905,0,1,NA,0,0.931582152843475,3,1,151
"1040",2,0,1,0,1.66666662693024,2.33333325386047,3,0,1,0.867924511432648,0,0.931582152843475,3,3,1282
"1041",3,0,1,0,4.33333349227905,3.33333325386047,4,0,0,0.857142865657806,0,0.931582152843475,3,3,47
"1042",2,0,1,0,4.66666650772095,3,5,1,1,1,0,0.931582152843475,3,3,107
"1043",2,0,1,0,2.33333325386047,2.66666674613953,5,1,0,NA,0,0.931582152843475,3,1,95
"1044",1,0,1,0,4.66666650772095,4,4.66666650772095,0,0,0.961038947105408,0,0.931582152843475,3,3,228
"1045",3,0,1,0,3.33333325386047,3,5,1,0,1.01910829544067,0,0.931582152843475,3,3,95
"1046",3,1,1,0,1.66666662693024,2,5,0,1,0.824742257595062,0,0.931582152843475,3,3,236
"1047",1,0,1,0,1.66666662693024,2,5,0,0,NA,0,0.931582152843475,3,1,73
"1048",1,1,1,0,1.33333337306976,2,5,1,0,1,0,0.931582152843475,3,3,1400
"1049",1,0,1,0,4.66666650772095,3,5,0,0,1,0,0.931582152843475,3,3,180
"1050",1,1,1,0,2.33333325386047,2,5,0,1,0.757825374603271,0,0.931582152843475,3,3,753
"1051",2,0,1,0,1.33333337306976,1.66666662693024,4,0,0,NA,0,0.931582152843475,3,1,47
"1052",1,0,1,0,4.33333349227905,3.33333325386047,5,1,0,NA,0,0.931582152843475,3,1,105
"1053",1,0,1,0,4,3,5,1,1,1.01807069778442,0,0.931582152843475,3,3,520
"1054",1,1,1,0,3.66666674613953,3.33333325386047,5,0,1,NA,0,0.931582152843475,3,1,236
"1055",2,0,1,0,2,2,4.33333349227905,0,0,1,0,0.931582152843475,3,3,42
"1056",2,0,1,0,2.66666674613953,3,5,1,0,0.824427485466003,0,0.931582152843475,3,3,615
"1057",1,0,1,0,4.33333349227905,3.33333325386047,5,1,0,0.890207707881927,0,0.931582152843475,3,3,105
"1058",2,0,1,0,4.66666650772095,2.33333325386047,5,0,1,1,0,0.931582152843475,3,3,151
"1059",1,0,1,0,3.33333325386047,2.66666674613953,5,1,0,0.886262953281403,0,0.931582152843475,3,3,447
"1060",1,1,1,0,1.66666662693024,2.66666674613953,4.66666650772095,0,0,0.766666650772095,0,0.931582152843475,3,3,25
"1061",1,0,1,0,3.66666674613953,2.66666674613953,4.33333349227905,1,1,NA,0,0.931582152843475,3,1,107
"1062",2,0,1,0,2.66666674613953,2,4.66666650772095,1,0,1,0,0.931582152843475,3,3,210
"1063",3,0,1,0,4,2.66666674613953,5,0,1,0.961038947105408,0,0.931582152843475,3,3,207
"1064",2,0,1,0,2,2.66666674613953,4.66666650772095,1,0,0.97560977935791,0,0.931582152843475,3,3,101
"1065",1,0,1,0,1,1.66666662693024,5,1,0,NA,0,0.931582152843475,3,1,101
"1066",2,0,1,0,4,2.66666674613953,5,1,1,0.934050381183624,0,0.931582152843475,3,3,158
"1067",3,0,1,0,2.33333325386047,2.33333325386047,5,1,1,NA,0,0.931582152843475,3,1,277
"1068",2,1,1,0,1.66666662693024,2,4.33333349227905,0,0,NA,0,0.931582152843475,3,1,25
"1069",3,0,1,0,1.66666662693024,2.33333325386047,4.66666650772095,1,1,1.01910829544067,0,0.931582152843475,3,3,277
"1070",3,0,1,0,1,1.66666662693024,5,0,0,NA,0,0.931582152843475,3,1,42
"1071",3,0,1,0,1.33333337306976,1.66666662693024,5,1,1,NA,0,0.902403950691223,3,3,528
"1072",2,0,1,0,1.66666662693024,2.33333325386047,3,1,0,0.857142865657806,0,0.902403950691223,3,3,1097
"1073",3,0,1,0,2,2.33333325386047,5,1,0,NA,0,0.902403950691223,3,3,769
"1074",2,0,1,0,3,2.33333325386047,5,0,0,NA,0,0.902403950691223,3,3,471
"1075",2,0,1,0,2,2,5,1,1,NA,0,0.902403950691223,3,3,1341
"1076",3,0,1,0,3.66666674613953,3,5,1,0,NA,0,0.902403950691223,3,3,784
"1077",3,1,1,0,3.66666674613953,3,4.33333349227905,1,0,NA,0,0.902403950691223,3,2,861
"1078",2,0,1,0,2.33333325386047,2,5,1,0,0.890207707881927,0,0.902403950691223,3,3,1288
"1079",2,0,1,0,2.33333325386047,2,5,0,0,1,0,0.902403950691223,3,3,947
"1080",1,0,1,0,3.66666674613953,3.33333325386047,4,0,1,NA,0,0.902403950691223,3,2,386
"1081",2,0,1,0,1.66666662693024,2.33333325386047,3,0,1,NA,0,0.902403950691223,3,2,1109
"1082",2,1,1,0,4,3.33333325386047,4,0,1,NA,0,0.902403950691223,3,3,1086
"1083",2,0,1,0,3.33333325386047,3.33333325386047,5,1,0,1.01910829544067,0,0.902403950691223,3,3,666
"1084",1,0,1,0,3,2.33333325386047,5,0,0,NA,0,0.902403950691223,3,2,556
"1085",2,1,1,0,4.33333349227905,4,4.66666650772095,1,0,0.709001243114471,0,0.902403950691223,3,3,1156
"1086",1,0,1,0,1.66666662693024,1.66666662693024,5,1,0,0.923076927661896,0,0.902403950691223,3,3,825
"1087",1,1,1,0,1.66666662693024,2.33333325386047,4.33333349227905,1,0,1.03496503829956,0,0.902403950691223,3,3,962
"1088",3,0,1,0,1.66666662693024,2,5,0,1,NA,0,0.902403950691223,3,3,1028
"1089",2,0,1,0,3,2.33333325386047,5,1,0,NA,0,0.902403950691223,3,3,820
"1090",3,0,1,0,3.66666674613953,2.33333325386047,5,1,0,NA,0,0.902403950691223,3,3,409
"1091",2,0,1,0,2.66666674613953,3.33333325386047,4,1,0,NA,0,0.902403950691223,3,3,966
"1092",2,1,1,0,4,2.66666674613953,5,0,0,0.878048777580261,0,0.902403950691223,3,3,751
"1093",1,1,1,0,3,3,5,0,1,NA,0,0.902403950691223,3,3,626
"1094",1,1,1,0,4.33333349227905,3.33333325386047,5,1,1,0.964348316192627,0,0.902403950691223,3,3,834
"1095",1,0,1,0,4,4.33333349227905,3,1,1,NA,0,0.902403950691223,3,3,1071
"1096",1,0,1,0,3,2.66666674613953,5,0,0,NA,0,0.902403950691223,3,3,411
"1097",3,0,1,0,3,4,3.33333325386047,1,1,NA,0,0.902403950691223,3,2,412
"1098",2,0,1,0,1.66666662693024,2,5,1,0,NA,0,0.902403950691223,3,3,1179
"1099",2,0,1,0,3.66666674613953,3,4,1,0,0.610687017440796,0,0.902403950691223,3,3,1423
"1100",2,1,1,0,1.66666662693024,2.33333325386047,3,0,1,NA,0,0.902403950691223,3,2,709
"1101",1,0,1,0,2.66666674613953,3,4.33333349227905,1,0,0.876028656959534,0,0.902403950691223,3,3,1330
"1102",2,0,1,0,2.33333325386047,4,4,0,1,NA,0,0.902403950691223,3,2,551
"1103",1,0,1,0,2,3.66666674613953,4,1,1,NA,0,0.902403950691223,3,2,637
"1104",2,0,1,0,3.33333325386047,2.33333325386047,5,1,1,NA,0,0.902403950691223,3,2,730
"1105",1,0,1,0,3.33333325386047,2.66666674613953,5,1,0,0.942675173282623,0,0.902403950691223,3,3,1354
"1106",1,0,1,0,4.33333349227905,4.33333349227905,3.66666674613953,0,0,1,0,0.902403950691223,3,3,1162
"1107",3,0,1,0,1.66666662693024,2,5,0,0,0.830769240856171,0,0.902403950691223,3,3,997
"1108",2,0,1,0,3,3.33333325386047,3.33333325386047,1,0,NA,0,0.902403950691223,3,2,1133
"1109",1,0,1,0,1.66666662693024,1.66666662693024,5,1,0,1,0,0.902403950691223,3,3,193
"1110",1,0,1,0,3.33333325386047,2.33333325386047,5,1,1,NA,0,0.902403950691223,3,3,629
"1111",1,0,1,0,3,2.33333325386047,5,0,0,NA,0,0.902403950691223,3,1,1162
"1112",1,0,1,0,4,3.66666674613953,4,1,0,NA,0,0.902403950691223,3,2,735
"1113",2,0,1,0,3.33333325386047,2.33333325386047,5,1,1,NA,0,0.902403950691223,3,2,599
"1114",1,0,1,0,1,1.66666662693024,5,1,0,NA,0,0.902403950691223,3,3,625
"1115",2,0,1,0,2.66666674613953,2.33333325386047,5,1,0,NA,0,0.902403950691223,3,2,445
"1116",2,1,1,0,2,2.33333325386047,3.66666674613953,0,0,NA,0,0.902403950691223,3,3,431
"1117",1,1,1,0,2.66666674613953,2.66666674613953,5,0,1,NA,0,0.902403950691223,3,2,410
"1118",3,1,1,0,1,2.33333325386047,5,0,0,NA,0,0.902403950691223,3,2,458
"1119",2,0,NA,NA,1.66666662693024,1.33333337306976,4.66666650772095,1,1,NA,1,NA,NA,1,1280
"1120",2,0,NA,NA,2,1.66666662693024,5,0,1,NA,1,NA,NA,1,1223
"1121",3,0,0,1,3,2.66666674613953,5,0,0,1,0,0.870893895626068,3,3,1042
"1122",2,0,0,1,1.66666662693024,2,5,1,1,1.02777779102325,0,0.870893895626068,3,3,1159
"1123",2,0,0,1,4,2.66666674613953,5,0,0,0.916666626930237,0,0.870893895626068,3,3,1040
"1124",1,0,0,1,3.66666674613953,3,5,1,0,0.793103456497192,0,0.870893895626068,3,3,1047
"1125",1,0,0,1,2,2,5,1,0,1,0,0.870893895626068,3,3,1346
"1126",3,0,0,1,4,3.33333325386047,5,0,0,1.01522839069366,0,0.870893895626068,3,3,411
"1127",2,0,0,1,2.33333325386047,2.33333325386047,5,0,0,0.666666686534882,0,0.870893895626068,3,3,958
"1128",2,0,0,1,3,3.66666674613953,3.66666674613953,1,0,0.816326558589935,0,0.870893895626068,3,3,819
"1129",2,0,0,1,3.66666674613953,3.33333325386047,5,0,0,1,0,0.870893895626068,3,3,672
"1130",1,1,0,1,1.66666662693024,2.33333325386047,5,1,1,0.862745106220245,0,0.870893895626068,3,3,1029
"1131",3,1,0,1,4.66666650772095,3.33333325386047,4,0,1,0.800000011920929,0,0.870893895626068,3,3,880
"1132",2,0,0,1,2.66666674613953,2.33333325386047,5,0,0,0.986666679382324,0,0.870893895626068,3,3,890
"1133",1,0,0,1,1,1.66666662693024,4.33333349227905,1,0,0.980132460594177,0,0.870893895626068,3,3,501
"1134",3,0,0,1,5,3,5,1,0,1.08029198646545,0,0.870893895626068,3,3,614
"1135",3,0,0,1,3.33333325386047,3.33333325386047,3.33333325386047,1,0,0.363636374473572,0,0.870893895626068,3,3,460
"1136",1,0,0,1,4.33333349227905,2.66666674613953,5,0,0,1.03896105289459,0,0.870893895626068,3,3,701
"1137",2,0,0,1,2.66666674613953,2.33333325386047,5,1,0,0.923076927661896,0,0.870893895626068,3,3,1065
"1138",1,0,0,1,1.33333337306976,2.33333325386047,5,0,1,0.932203352451324,0,0.870893895626068,3,3,873
"1139",3,0,0,1,3.66666674613953,2.33333325386047,5,0,1,0.808407425880432,0,0.870893895626068,3,3,937
"1140",1,0,0,1,2,1.66666662693024,5,1,0,1.03448271751404,0,0.870893895626068,3,3,969
"1141",3,1,0,1,2.33333325386047,2.66666674613953,5,1,0,0.65040647983551,0,0.870893895626068,3,3,728
"1142",1,0,0,1,3.66666674613953,2.66666674613953,5,0,0,0.833333313465118,0,0.870893895626068,3,3,1019
"1143",1,0,0,1,1,1.66666662693024,5,1,0,1.00680267810822,0,0.870893895626068,3,3,1051
"1144",3,0,0,1,3.33333325386047,2.66666674613953,4.33333349227905,1,0,0.553025364875793,0,0.870893895626068,3,3,993
"1145",2,0,0,1,3,2.33333325386047,5,1,0,1.06666672229767,0,0.870893895626068,3,3,767
"1146",1,0,0,1,1,1.66666662693024,5,0,0,0.900000035762787,0,0.870893895626068,3,3,597
"1147",1,1,0,1,3.66666674613953,3.33333325386047,5,1,0,1.10447764396667,0,0.870893895626068,3,3,1077
"1148",3,0,0,1,2,2.33333325386047,5,1,1,0.944881916046143,0,0.870893895626068,3,3,879
"1149",1,0,0,1,2.66666674613953,2,5,0,0,0.961038947105408,0,0.870893895626068,3,3,956
"1150",2,0,0,1,2,2.33333325386047,5,1,1,0.964285731315613,0,0.870893895626068,3,3,1227
"1151",2,0,0,1,1.66666662693024,2,5,0,1,NA,0,0.870893895626068,3,3,600
"1152",3,0,0,1,1.33333337306976,2,5,1,0,0.816326558589935,0,0.870893895626068,3,3,849
"1153",2,0,0,1,2.33333325386047,1.66666662693024,3.66666674613953,1,1,0.430107533931732,0,0.870893895626068,3,3,900
"1154",3,0,0,1,3.66666674613953,2.66666674613953,5,1,0,1.20000004768372,0,0.870893895626068,3,3,1113
"1155",2,0,0,1,3.66666674613953,2.66666674613953,5,1,0,0.645161271095276,0,0.870893895626068,3,3,737
"1156",2,1,0,1,4.66666650772095,4.33333349227905,4,1,0,0.322580635547638,0,0.870893895626068,3,3,652
"1157",2,0,0,1,3.66666674613953,3.33333325386047,3.66666674613953,1,0,0.816326558589935,0,0.870893895626068,3,3,875
"1158",3,0,0,1,2.33333325386047,2.66666674613953,5,1,0,1.02777779102325,0,0.870893895626068,3,3,766
"1159",1,0,0,1,2,2,4.33333349227905,1,0,1.04575169086456,0,0.870893895626068,3,3,390
"1160",1,1,0,1,2.66666674613953,2.66666674613953,5,0,0,0.690069019794464,0,0.870893895626068,3,3,876
"1161",3,1,0,1,1.66666662693024,2,5,1,0,0.839160859584808,0,0.870893895626068,3,3,1291
"1162",3,0,0,1,2,2,5,0,0,0.958797633647919,0,0.870893895626068,3,3,474
"1163",1,1,0,1,1.66666662693024,2.33333325386047,3,0,0,0.46428570151329,0,0.870893895626068,3,3,451
"1164",2,0,0,1,3.66666674613953,2.66666674613953,5,0,1,1.03013134002686,0,0.870893895626068,3,3,403
"1165",2,0,0,1,4.66666650772095,3.33333325386047,5,1,0,0.62992125749588,0,0.870893895626068,3,3,971
"1166",1,0,0,1,2.33333325386047,2.33333325386047,5,1,0,1,0,0.870893895626068,3,3,387
"1167",1,0,0,1,3.33333325386047,3,5,1,1,0.65040647983551,0,0.870893895626068,3,3,465
"1168",2,1,0,1,2.66666674613953,2.33333325386047,5,0,0,0.904109597206116,0,0.870893895626068,3,3,757
"1169",1,0,0,1,2.66666674613953,2.33333325386047,4.66666650772095,1,0,0.986666679382324,0,0.870893895626068,3,3,794
"1170",2,0,0,1,3,2.66666674613953,5,1,0,1,0,0.870893895626068,3,3,583
"1171",1,0,0,1,3,2.66666674613953,5,1,0,0.898937582969666,0,0.870893895626068,3,3,952
"1172",2,0,0,1,4,3.33333325386047,5,1,0,1.02777779102325,0,0.870893895626068,3,3,547
"1173",1,0,0,1,2,2,5,0,1,0.961038947105408,0,0.991448521614075,3,3,1202
"1174",1,0,0,1,2.33333325386047,2.33333325386047,5,0,0,1.00543475151062,0,0.991448521614075,3,1,1102
"1175",1,1,0,1,3,2.33333325386047,5,0,1,1.01910829544067,0,0.991448521614075,3,1,1190
"1176",2,0,0,1,2.33333325386047,2.33333325386047,5,0,0,0.931034505367279,0,0.991448521614075,3,3,1165
"1177",1,0,0,1,1.33333337306976,2,5,0,1,1.06185293197632,0,0.991448521614075,3,1,1096
"1178",3,0,0,1,4.33333349227905,2.66666674613953,5,1,1,1,0,0.991448521614075,3,3,868
"1179",1,0,0,1,4.33333349227905,3.33333325386047,5,1,1,1,0,0.991448521614075,3,3,1248
"1180",2,0,0,1,5,3.33333325386047,5,1,1,1,0,0.991448521614075,3,1,1248
"1181",1,0,0,1,3.33333325386047,2.33333325386047,5,1,1,1,0,0.991448521614075,3,1,1142
"1182",1,0,0,1,3.66666674613953,2.66666674613953,5,1,0,1,0,0.991448521614075,3,3,1268
"1183",1,1,0,1,1.66666662693024,2.33333325386047,3,1,0,0.882352948188782,0,0.991448521614075,3,3,1294
"1184",2,0,0,1,2,2,5,0,0,1.27586209774017,0,0.991448521614075,3,1,1165
"1185",1,0,0,1,2.33333325386047,2,5,1,0,0.961538434028625,0,0.991448521614075,3,3,993
"1186",2,0,0,1,3,2,5,1,0,0.97560977935791,0,0.991448521614075,3,3,1079
"1187",2,0,0,1,1.66666662693024,2,5,1,0,1,0,0.991448521614075,3,3,1110
"1188",2,1,0,1,4.33333349227905,3,5,0,1,1.01910829544067,0,0.991448521614075,3,3,1190
"1189",2,0,0,1,2,2,5,1,0,0.961038947105408,0,0.991448521614075,3,3,1256
"1190",1,0,0,1,2,2,4.66666650772095,0,0,0.870967745780945,0,0.991448521614075,3,3,1095
"1191",3,0,0,1,2.33333325386047,2,5,1,0,1.01910829544067,0,0.991448521614075,3,1,1138
"1192",1,0,0,1,1,1.66666662693024,5,0,1,0.876028656959534,0,0.991448521614075,3,3,1096
"1193",2,0,0,1,1.33333337306976,1.66666662693024,3.66666674613953,1,0,1,0,0.991448521614075,3,1,1110
"1194",3,1,0,1,4.66666650772095,3,5,1,1,1.02197241783142,0,0.991448521614075,3,3,1257
"1195",2,0,0,1,4.33333349227905,3.33333325386047,4.66666650772095,1,0,0.961258351802826,0,0.991448521614075,3,3,1340
"1196",1,0,1,0,3,3,2.33333325386047,1,0,0.986666679382324,0,0.972762882709503,3,3,1335
"1197",1,1,1,0,1.66666662693024,1.66666662693024,3,0,0,0.666666686534882,0,0.972762882709503,3,3,1121
"1198",2,0,1,0,1,1.66666662693024,4.66666650772095,1,0,NA,0,0.972762882709503,3,3,829
"1199",2,0,1,0,4.33333349227905,3.33333325386047,5,1,1,1,0,0.972762882709503,3,3,161
"1200",2,0,1,0,4.33333349227905,3.66666674613953,3.66666674613953,1,0,1,0,0.972762882709503,3,3,1301
"1201",1,0,1,0,1.33333337306976,1.66666662693024,3,0,0,1,0,0.972762882709503,3,3,42
"1202",1,0,1,0,4,3.33333325386047,4,1,0,NA,0,0.972762882709503,3,3,305
"1203",2,0,1,0,1.33333337306976,1.66666662693024,5,1,1,0.717321991920471,0,0.972762882709503,3,1,892
"1204",2,0,1,0,2.66666674613953,2.33333325386047,5,1,0,1.06666672229767,0,0.972762882709503,3,1,860
"1205",1,0,1,0,2.33333325386047,3,4.33333349227905,1,1,1.02777779102325,0,0.972762882709503,3,1,1197
"1206",3,0,1,0,2.33333325386047,2,5,1,1,0.942857146263123,0,0.972762882709503,3,3,96
"1207",2,0,1,0,3.33333325386047,2.66666674613953,5,0,0,1.01703536510468,0,0.972762882709503,3,3,79
"1208",1,0,1,0,2.33333325386047,2.66666674613953,4.33333349227905,1,1,1.01010096073151,0,0.972762882709503,3,3,1408
"1209",1,0,1,0,2.66666674613953,2.66666674613953,5,1,0,1.01703536510468,0,0.972762882709503,3,3,1293
"1210",3,0,1,0,5,3,4.66666650772095,1,0,1,0,0.972762882709503,3,3,1234
"1211",3,0,1,0,1.66666662693024,2,4.66666650772095,1,0,1,0,0.972762882709503,3,3,1264
"1212",1,0,1,0,3.33333325386047,3.66666674613953,4.66666650772095,1,1,1.11278200149536,0,0.972762882709503,3,1,1436
"1213",1,1,1,0,4.33333349227905,4.33333349227905,4,0,0,0.923076927661896,0,0.972762882709503,3,1,917
"1214",3,0,1,0,2.66666674613953,2.66666674613953,4,1,0,0.769230782985687,0,0.972762882709503,3,3,961
"1215",2,1,1,0,2.66666674613953,3.66666674613953,4.33333349227905,1,1,NA,0,0.972762882709503,3,3,1281
"1216",3,0,1,0,2.66666674613953,2.66666674613953,5,1,0,0.992481172084808,0,0.972762882709503,3,3,1153
"1217",2,0,1,0,3,2.33333325386047,4.66666650772095,0,0,1.05747127532959,0,0.972762882709503,3,3,268
"1218",2,0,1,0,2.33333325386047,3,1.33333337306976,1,1,NA,0,0.972762882709503,3,3,1274
"1219",1,0,1,0,1.33333337306976,2,5,1,0,1,0,0.972762882709503,3,3,1240
"1220",3,0,1,0,3,2.66666674613953,5,1,0,1,0,0.972762882709503,3,1,1131
"1221",3,0,1,0,2,2,5,0,0,0.973684251308441,0,0.972762882709503,3,1,909
"1222",1,0,1,0,3.66666674613953,2.66666674613953,4.33333349227905,1,1,1,0,0.972762882709503,3,1,878
"1223",2,0,1,0,1.66666662693024,2.66666674613953,4.33333349227905,1,0,1.01910829544067,0,0.972762882709503,3,1,449
"1224",1,0,1,0,2,2,5,1,0,1.01910829544067,0,0.972762882709503,3,3,50
"1225",3,1,1,0,1.33333337306976,1.66666662693024,3.66666674613953,0,0,1.05263161659241,0,0.975497603416443,3,2,585
"1226",1,0,1,0,4.33333349227905,4,4,1,0,1.08283698558807,0,0.975497603416443,3,2,1434
"1227",2,0,1,0,1.66666662693024,2,5,1,0,1,0,0.975497603416443,3,1,1287
"1228",1,0,1,0,2,2.33333325386047,5,1,1,1.02564108371735,0,0.975497603416443,3,1,1205
"1229",2,0,1,0,3,2,5,1,1,0.800000011920929,0,0.975497603416443,3,1,1436
"1230",1,0,1,0,1.66666662693024,2,5,1,0,1,0,0.975497603416443,3,1,1284
"1231",2,0,1,0,1,1.33333337306976,3.66666674613953,1,0,1.00680267810822,0,0.975497603416443,3,2,570
"1232",2,0,1,0,4.33333349227905,3,5,0,1,1.08029198646545,0,0.975497603416443,3,2,444
"1233",2,0,1,0,4,2.66666674613953,5,1,1,1.03896105289459,0,0.975497603416443,3,1,1389
"1234",1,0,1,0,4,3,5,1,0,0.942675173282623,0,0.975497603416443,3,2,666
"1235",3,0,1,0,2,3,2,0,1,0.973684251308441,0,0.975497603416443,3,2,514
"1236",3,0,1,0,1,1.66666662693024,5,1,0,0.961038947105408,0,0.975497603416443,3,2,449
"1237",1,0,1,0,1,1.66666662693024,5,1,0,0.890207707881927,0,0.975497603416443,3,1,1288
"1238",1,0,1,0,2,2,5,1,0,1,0,0.975497603416443,3,2,193
"1239",2,0,1,0,4.33333349227905,3.33333325386047,5,1,0,1,0,0.975497603416443,3,1,1139
"1240",1,0,1,0,2.33333325386047,2,4.33333349227905,1,0,0.58119660615921,0,0.975497603416443,3,1,825
"1241",2,0,1,0,3.33333325386047,2.66666674613953,4,1,0,1,0,0.975497603416443,3,1,1287
"1242",3,0,1,0,3,2,5,1,0,1.08029198646545,0,0.975497603416443,3,2,372
"1243",1,0,1,0,3.33333325386047,2.33333325386047,4.66666650772095,1,1,0.942675173282623,0,0.975497603416443,3,2,478
"1244",2,0,1,0,2,2,5,1,1,1,0,0.975497603416443,3,2,483
"1245",2,0,1,0,3.33333325386047,2.33333325386047,5,0,0,1,0,0.975497603416443,3,2,14
"1246",1,0,1,0,1.33333337306976,2,4.66666650772095,1,0,1.08029198646545,0,0.975497603416443,3,2,801
"1247",3,0,1,0,2,1.66666662693024,5,0,0,0.873871266841888,0,0.975497603416443,3,1,909
"1248",2,1,1,0,3.66666674613953,2,4.66666650772095,1,0,0.901171505451202,0,0.975497603416443,3,2,392
"1249",1,1,1,0,4,4,4.66666650772095,0,0,1.07317066192627,0,0.975497603416443,3,2,751
"1250",2,1,0,0,4,3.33333325386047,5,1,1,0.879999995231628,1,1.01123464107513,3,1,809
"1251",1,1,0,0,2,1.33333337306976,4,0,1,1.00680267810822,1,1.01123464107513,3,2,573
"1252",3,0,0,0,4,1.66666662693024,5,1,1,1.01910829544067,1,1.01123464107513,3,2,717
"1253",2,0,0,0,2,2,4.33333349227905,1,1,1.00680267810822,1,1.01123464107513,3,2,785
"1254",2,0,0,0,1.33333337306976,2,5,1,1,1.01910829544067,1,1.01123464107513,3,2,915
"1255",1,0,0,0,3.66666674613953,3,5,1,1,1.04575169086456,1,1.01123464107513,3,2,168
"1256",1,0,0,0,4.66666650772095,4,4,0,1,0.966309726238251,1,1.01123464107513,3,2,1225
"1257",1,0,0,0,2.33333325386047,2.33333325386047,4.33333349227905,0,1,1,1,1.01123464107513,3,2,1170
"1258",1,0,0,0,2,2.33333325386047,5,1,0,0.904109597206116,1,1.01123464107513,3,1,1365
"1259",3,0,0,0,2.66666674613953,2.66666674613953,4.33333349227905,0,1,1.00680267810822,1,1.01123464107513,3,2,179
"1260",2,0,0,0,4.66666650772095,3.66666674613953,4.33333349227905,1,1,0.973684251308441,1,1.01123464107513,3,1,1382
"1261",2,1,0,0,2.66666674613953,2.33333325386047,5,0,1,1.02777779102325,1,1.01123464107513,3,2,61
"1262",1,1,0,0,3.33333325386047,3.66666674613953,4,1,1,0.897959172725677,1,1.01123464107513,3,2,770
"1263",3,0,0,0,4.33333349227905,3,4.66666650772095,1,1,1.06666672229767,1,1.01123464107513,3,2,922
"1264",2,0,0,0,3,2.66666674613953,5,1,0,1.03896105289459,1,1.01123464107513,3,1,877
"1265",3,0,0,0,3.33333325386047,3,5,1,1,0.961038947105408,1,1.01123464107513,3,2,1334
"1266",1,0,0,0,4,3.66666674613953,4,1,1,1,1,1.01123464107513,3,2,878
"1267",3,0,0,0,4.33333349227905,4.33333349227905,3.66666674613953,1,1,0.973684251308441,1,1.01123464107513,3,2,1169
"1268",1,1,0,0,4.33333349227905,2.33333325386047,5,1,1,1.06241703033447,1,1.01123464107513,3,2,1431
"1269",3,0,0,0,3,2.66666674613953,5,1,0,1.05714285373688,1,1.01123464107513,3,2,1132
"1270",2,0,0,0,3.33333325386047,3.33333325386047,5,1,1,1.30081295967102,1,1.01123464107513,3,2,782
"1271",3,0,0,0,4,3.33333325386047,4.66666650772095,1,1,1.04575169086456,1,1.01123464107513,3,2,1377
"1272",2,0,0,0,3.33333325386047,2.33333325386047,5,1,0,1.02564108371735,1,1.01123464107513,3,2,665
"1273",1,0,0,0,1.33333337306976,2,5,0,0,1.02564108371735,1,1.01123464107513,3,1,1216
"1274",2,0,0,0,3,3.33333325386047,5,1,1,1.03896105289459,1,1.01123464107513,3,2,927
"1275",2,0,0,0,2.33333325386047,2.66666674613953,5,1,1,0.963503658771515,1,1.01123464107513,3,2,1055
"1276",2,1,0,0,3.33333325386047,3,5,1,0,1.05960261821747,1,1.01123464107513,3,1,1364
"1277",1,0,0,0,2.66666674613953,2.66666674613953,5,1,1,1.05960261821747,1,1.01123464107513,3,1,996
"1278",1,0,0,0,3.66666674613953,2.33333325386047,5,1,1,1.01910829544067,1,1.01123464107513,3,2,423
"1279",2,0,0,0,3,3.33333325386047,4.66666650772095,1,0,1,1,1.01123464107513,3,2,891
"1280",3,0,0,0,2,2.33333325386047,5,0,1,0.89552241563797,1,1.01123464107513,3,2,798
"1281",2,0,0,0,1.66666662693024,2,5,1,0,1,1,1.00601649284363,3,2,848
"1282",1,0,0,0,1,1.66666662693024,5,1,1,1.03896105289459,1,1.00601649284363,3,2,980
"1283",2,0,0,0,1.66666662693024,1.66666662693024,4.66666650772095,1,0,1,1,1.00601649284363,3,2,960
"1284",3,0,0,0,2.66666674613953,2,5,1,1,0.961038947105408,1,1.00601649284363,3,2,1072
"1285",1,0,0,0,1.66666662693024,2.33333325386047,3,0,1,0.800000011920929,1,1.00601649284363,3,2,882
"1286",2,0,0,0,4.33333349227905,3.33333325386047,4,1,0,1,1,1.00601649284363,3,2,938
"1287",1,0,0,0,3.66666674613953,3,4.33333349227905,1,1,0.980132460594177,1,1.00601649284363,3,2,1004
"1288",1,0,0,0,4,2.66666674613953,4.66666650772095,1,1,1.01910829544067,1,1.00601649284363,3,2,612
"1289",3,0,0,0,2.66666674613953,2,5,1,0,0.882352948188782,1,1.00601649284363,3,2,665
"1290",3,0,0,0,3.66666674613953,2.66666674613953,4.66666650772095,0,1,1,1,1.00601649284363,3,2,1170
"1291",2,1,0,0,3.33333325386047,2.33333325386047,5,1,1,1.08843541145325,1,1.00601649284363,3,2,589
"1292",1,1,0,0,3.33333325386047,3.33333325386047,4.66666650772095,0,0,1.14285719394684,1,1.00601649284363,3,2,414
"1293",2,0,0,0,2.33333325386047,2.33333325386047,5,1,0,0.956814050674438,1,1.00601649284363,3,2,1098
"1294",3,1,0,0,1.66666662693024,1.66666662693024,5,1,0,1.14285719394684,1,1.00601649284363,3,2,1364
"1295",3,0,0,0,4,3.66666674613953,4,1,0,1.02097129821777,1,1.00601649284363,3,2,493
"1296",1,0,0,0,4,4,2,1,1,1,1,1.00601649284363,3,2,847
"1297",2,0,0,0,3.66666674613953,4.33333349227905,2.66666674613953,1,1,1,1,1.00601649284363,3,2,929
"1298",2,0,0,0,2.33333325386047,2.33333325386047,4.33333349227905,1,1,0.942675173282623,1,1.00601649284363,3,2,1382
"1299",3,0,0,0,2.66666674613953,2.33333325386047,5,1,0,1.16504859924316,1,1.00601649284363,3,2,1183
"1300",3,0,0,0,3.66666674613953,2.66666674613953,5,0,1,0.942675173282623,1,1.00601649284363,3,2,833
"1301",1,1,0,0,2.66666674613953,2.33333325386047,5,0,0,0.942675173282623,1,1.00601649284363,3,2,967
"1302",1,0,0,0,1,2,3.33333325386047,1,0,1,1,1.00601649284363,3,2,960
"1303",2,1,0,0,4,3.66666674613953,3,0,1,1,1,1.00601649284363,3,2,1322
"1304",3,1,0,0,3,2.33333325386047,5,0,1,1.05714285373688,1,1.00601649284363,3,2,61
"1305",1,0,0,0,1,1.66666662693024,5,0,0,1.06666672229767,1,1.00601649284363,3,2,371
"1306",1,0,0,0,5,3.33333325386047,5,0,1,1,1,1.09723901748657,3,4,81
"1307",2,0,0,0,1,1.66666662693024,4.66666650772095,1,1,0.97488921880722,1,1.09723901748657,3,1,1274
"1308",2,0,0,0,1.33333337306976,2,4,1,0,1.15640354156494,1,1.09723901748657,3,4,1426
"1309",2,0,0,0,2.66666674613953,2.33333325386047,5,1,1,1.06269919872284,1,1.09723901748657,3,4,892
"1310",2,0,0,0,1.33333337306976,1.66666662693024,5,1,0,1.200119972229,1,1.09723901748657,3,4,31
"1311",3,0,0,0,1.66666662693024,2,4.66666650772095,1,1,1.18870723247528,1,1.09723901748657,3,4,489
"1312",1,0,0,0,3.33333325386047,2.66666674613953,5,1,0,1.07351982593536,1,1.09723901748657,3,1,993
"1313",3,0,0,0,2,2,5,1,1,1.01807069778442,1,1.09723901748657,3,4,520
"1314",3,0,0,0,3,2.33333325386047,5,1,1,1.03653800487518,1,1.09723901748657,3,4,279
"1315",2,1,0,0,4.33333349227905,3,5,1,0,1.08283698558807,1,1.09723901748657,3,4,313
"1316",3,0,0,0,2,2.33333325386047,5,1,1,1.07091176509857,1,1.09723901748657,3,1,950
"1317",2,0,0,0,3,2,4.33333349227905,0,0,1.04712045192719,1,1.09723901748657,3,4,1171
"1318",2,0,0,0,2,2.66666674613953,5,1,1,1.07787656784058,1,1.09723901748657,3,4,630
"1319",2,0,0,0,4.33333349227905,3.66666674613953,5,1,1,1.01265823841095,1,1.09723901748657,3,4,853
"1320",2,0,0,0,3,2,5,1,1,1,1,1.09723901748657,3,4,432
"1321",2,0,0,0,4.33333349227905,3.33333325386047,4,1,1,0.953608274459839,1,1.09723901748657,3,1,886
"1322",3,0,0,0,3.33333325386047,2.66666674613953,5,0,1,1.13346552848816,1,1.09723901748657,3,4,874
"1323",1,0,0,0,4.33333349227905,2.66666674613953,5,1,1,1.04058277606964,1,1.09723901748657,3,4,115
"1324",1,0,0,0,4.33333349227905,3.33333325386047,5,1,1,1.44092214107513,1,1.09723901748657,3,4,364
"1325",1,0,0,0,3.66666674613953,2.66666674613953,5,1,1,1.18870723247528,1,1.09723901748657,3,4,250
"1326",3,0,0,0,2.33333325386047,3.33333325386047,4.66666650772095,0,0,1.04712045192719,1,1.09723901748657,3,1,1171
"1327",3,1,0,0,2.66666674613953,2,5,0,0,1.30761682987213,1,1.09723901748657,3,4,330
"1328",1,0,0,0,1.33333337306976,2,5,1,1,1.01807069778442,1,1.09723901748657,3,4,1381
"1329",1,0,0,0,1.66666662693024,1.66666662693024,3,1,1,1.05596625804901,1,1.09723901748657,3,4,739
"1330",2,0,0,0,2,2.33333325386047,5,1,0,1.30123615264893,1,1.09723901748657,3,4,993
"1331",1,0,0,0,1.33333337306976,2,5,1,0,1.01703536510468,1,1.09723901748657,3,4,1293
"1332",3,0,0,0,1.66666662693024,2,5,0,0,1.03653800487518,1,1.09723901748657,3,4,474
"1333",2,1,0,0,1.66666662693024,2,5,1,1,1.08283698558807,1,1.09723901748657,3,4,116
"1334",1,0,0,0,3.33333325386047,2.66666674613953,5,1,1,1.21506679058075,1,1.09723901748657,3,4,1107
"1335",2,0,0,0,3,2.66666674613953,5,1,1,1.11111116409302,1,1.09723901748657,3,4,992
"1336",2,0,0,0,1.66666662693024,2,5,1,1,1.03653800487518,1,1.09723901748657,3,4,123
"1337",3,1,0,0,2.33333325386047,2.33333325386047,3.33333325386047,0,1,1.092001080513,1,1.09723901748657,3,4,398
"1338",2,1,0,0,2.33333325386047,2.66666674613953,5,1,1,1,1,1.09723901748657,3,4,282
"1339",1,0,0,0,4.33333349227905,3.66666674613953,4,1,1,1.09769487380981,1,1.09723901748657,3,4,1410
"1340",1,1,0,0,5,3.33333325386047,5,0,0,1.02097129821777,1,1.09723901748657,3,1,415
"1341",1,0,0,0,1.33333337306976,2,5,0,1,1.24069476127625,1,1.09723901748657,3,4,58
"1342",3,1,0,0,5,4.66666650772095,2,0,1,1.01522839069366,1,1.09723901748657,3,4,117
"1343",3,1,0,0,1.66666662693024,3.33333325386047,3.66666674613953,0,1,1.08283698558807,1,1.09723901748657,3,4,363
"1344",1,1,0,0,1.66666662693024,1.66666662693024,3,0,0,1.08843541145325,1,1.09723901748657,3,4,1327
"1345",1,1,0,0,2.33333325386047,2.33333325386047,5,0,0,1.32362675666809,1,1.09723901748657,3,4,427
"1346",1,0,0,0,2.33333325386047,2.66666674613953,5,1,1,1.03653800487518,1,1.09723901748657,3,4,895
"1347",2,0,0,0,3.66666674613953,2.66666674613953,5,1,1,1.26222777366638,1,1.07929170131683,3,4,250
"1348",1,0,0,0,2.33333325386047,3,4.66666650772095,0,1,1.01522839069366,1,1.07929170131683,3,4,58
"1349",2,0,0,0,4.33333349227905,3,5,1,1,1.05568754673004,1,1.07929170131683,3,3,693
"1350",2,0,0,0,4.33333349227905,3,5,1,1,1.00426816940308,1,1.07929170131683,3,4,853
"1351",2,0,0,0,1.66666662693024,1.66666662693024,5,0,0,1.00680267810822,1,1.07929170131683,3,3,648
"1352",1,0,0,0,1.33333337306976,1.66666662693024,5,1,0,1.12898671627045,1,1.07929170131683,3,4,31
"1353",3,1,0,0,4.33333349227905,2.66666674613953,5,0,1,1.01910829544067,1,1.07929170131683,3,3,34
"1354",1,0,0,0,2.33333325386047,2,5,1,1,1.15640354156494,1,1.07929170131683,3,4,123
"1355",1,0,0,0,1.33333337306976,1.66666662693024,5,1,1,1.01394164562225,1,1.07929170131683,3,4,892
"1356",2,0,0,0,1,1.66666662693024,5,1,1,1.04849278926849,1,1.07929170131683,3,4,1381
"1357",2,1,0,0,2.33333325386047,2.33333325386047,5,0,0,1.23190641403198,1,1.07929170131683,3,4,330
"1358",1,1,0,0,1.66666662693024,2.33333325386047,3,0,0,1.13846158981323,1,1.07929170131683,3,3,451
"1359",2,0,0,0,3.33333325386047,2.66666674613953,5,1,1,1.1655011177063,1,1.07929170131683,3,4,364
"1360",2,1,0,0,1,1.66666662693024,4.33333349227905,0,0,1.70114946365356,1,1.07929170131683,3,3,25
"1361",3,1,0,0,1.33333337306976,2,5,0,1,1.13765645027161,1,1.07929170131683,3,4,398
"1362",3,1,0,0,4,3,3.66666674613953,0,1,1.02777779102325,1,1.07929170131683,3,3,674
"1363",3,0,0,0,3,2.66666674613953,4.66666650772095,1,1,1,1,1.07929170131683,3,4,115
"1364",2,0,0,0,4,4,3.66666674613953,0,1,0.973684251308441,1,1.07929170131683,3,3,1103
"1365",2,0,0,0,1.66666662693024,2,4.66666650772095,1,1,1.01703536510468,1,1.07929170131683,3,4,432
"1366",1,0,0,0,1.66666662693024,2.33333325386047,3,1,1,1.16890704631805,1,1.07929170131683,3,4,630
"1367",3,0,0,0,2.66666674613953,2.33333325386047,5,0,1,1,1,1.07929170131683,3,4,81
"1368",2,0,0,0,4.66666650772095,2.66666674613953,5,1,0,1.07787656784058,1,1.07929170131683,3,4,952
"1369",1,1,0,0,1.66666662693024,2.33333325386047,3,1,1,1.03653800487518,1,1.07929170131683,3,4,116
"1370",1,1,0,0,3.66666674613953,3,5,1,0,1.13346552848816,1,1.07929170131683,3,4,313
"1371",1,0,0,0,3.33333325386047,2.66666674613953,5,1,1,1.10436224937439,1,1.07929170131683,3,4,992
"1372",1,0,0,0,4.66666650772095,3.66666674613953,4,1,1,0.961038947105408,1,1.07929170131683,3,3,1204
"1373",1,0,0,0,3,2.33333325386047,5,1,0,1.1655011177063,1,1.07929170131683,3,4,993
"1374",2,0,0,0,3,3.33333325386047,2.66666674613953,1,1,0.942675173282623,1,1.07929170131683,3,3,1005
"1375",2,0,0,0,4.33333349227905,3,5,1,1,1.01807069778442,1,1.07929170131683,3,4,739
"1376",1,0,0,0,1,1.66666662693024,5,0,1,1.200119972229,1,1.07929170131683,3,3,953
"1377",1,0,0,0,3,2.33333325386047,5,1,0,0.963503658771515,1,1.07929170131683,3,3,372
"1378",3,0,0,0,2,2,4.33333349227905,1,0,1.35731256008148,1,1.07929170131683,3,4,240
"1379",3,0,0,0,4,3,5,1,1,1,1,1.07929170131683,3,4,1374
"1380",3,0,0,0,3.33333325386047,2.66666674613953,5,1,1,1,1,1.07929170131683,3,3,983
"1381",3,0,0,0,2,1.66666662693024,5,1,0,0.986666679382324,1,1.07929170131683,3,3,972
"1382",1,0,0,0,4,4,4,1,1,1.03439354896545,1,1.07929170131683,3,4,1410
"1383",1,1,0,0,3.33333325386047,2.66666674613953,5,1,1,1,1,1.07929170131683,3,4,282
"1384",1,0,0,0,2.66666674613953,2.33333325386047,5,1,0,1.03125,1,1.07929170131683,3,3,1125
"1385",2,1,0,0,4,3,5,1,0,1.05263161659241,1,1.07929170131683,3,4,904
"1386",3,0,0,0,1.66666662693024,1.66666662693024,5,1,0,0.897959172725677,1,1.07929170131683,3,3,1123
"1387",1,0,0,0,3.66666674613953,3,4,1,1,1.01394164562225,1,1.07929170131683,3,3,892
"1388",2,0,0,0,3,2,5,1,0,1,1,1.07929170131683,3,4,621
"1389",2,1,0,0,1.66666662693024,2.33333325386047,3,0,0,1.28155338764191,1,1.07929170131683,3,3,1121
"1390",1,1,0,0,1.66666662693024,2.33333325386047,3,0,0,1.01910829544067,1,1.07929170131683,3,3,1343
"1391",2,0,0,0,1,1.66666662693024,5,1,0,1.01910829544067,1,1.07929170131683,3,3,1051
"1392",2,0,0,0,2.33333325386047,2.33333325386047,5,1,0,1,1,1.07929170131683,3,4,1293
"1393",1,0,0,0,1.33333337306976,1.66666662693024,5,1,1,1,1,1.07929170131683,3,4,520
"1394",2,1,0,0,1.33333337306976,1.66666662693024,5,0,0,1.11011099815369,1,1.07929170131683,3,3,1158
"1395",1,1,0,0,3.66666674613953,4.33333349227905,4,0,1,1.03896105289459,1,1.07929170131683,3,3,1313
"1396",2,0,0,0,3,2.66666674613953,5,1,1,1.07787656784058,1,1.07929170131683,3,3,985
"1397",2,0,0,0,2.66666674613953,2.33333325386047,5,0,0,1.01600205898285,1,1.07929170131683,3,4,474
"1398",2,1,0,0,4.33333349227905,3,5,1,0,0.961038947105408,1,1.07929170131683,3,3,1198
"1399",1,0,0,0,3,3,4,1,0,1.1054675579071,1,1.07929170131683,3,4,213
"1400",1,0,0,0,3.33333325386047,4,3.33333325386047,0,0,1.07777452468872,1,1.07929170131683,3,3,1111
"1401",3,0,0,0,1,1.66666662693024,5,0,1,1.40350878238678,1,1.07929170131683,3,3,290
"1402",2,0,0,0,3.33333325386047,2.66666674613953,5,1,1,NA,1,1.03121912479401,3,1,925
"1403",2,0,0,0,2.66666674613953,3.33333325386047,4,1,0,1.13218224048615,1,1.03121912479401,3,2,948
"1404",2,0,0,0,3.66666674613953,2.66666674613953,5,0,1,1,1,1.03121912479401,3,1,1170
"1405",2,1,0,0,4.33333349227905,3.33333325386047,5,1,1,NA,1,1.03121912479401,3,1,1299
"1406",3,1,0,0,4.66666650772095,3,5,0,1,0.942675173282623,1,1.03121912479401,3,2,687
"1407",1,0,0,0,1,1.66666662693024,5,1,0,1.08754754066467,1,1.03121912479401,3,1,1380
"1408",2,0,0,0,4.33333349227905,3.33333325386047,4,0,1,0.966309726238251,1,1.03121912479401,3,2,1225
"1409",2,0,0,0,4,2.33333325386047,5,1,1,NA,1,1.03121912479401,3,1,1048
"1410",1,0,0,0,3.66666674613953,3.33333325386047,5,1,0,NA,1,1.03121912479401,3,1,1324
"1411",3,0,0,0,4,2.66666674613953,5,1,0,NA,1,1.03121912479401,3,1,1129
"1412",2,0,0,0,2,2,5,1,1,1.06666672229767,1,1.03121912479401,3,2,498
"1413",2,0,0,0,3.33333325386047,2.66666674613953,5,0,0,1.01522839069366,1,1.03121912479401,3,1,1320
"1414",2,0,0,0,2.33333325386047,2,5,1,1,1.03896105289459,1,1.03121912479401,3,2,1010
"1415",3,0,0,0,4,4.33333349227905,4,1,1,1,1,1.03121912479401,3,1,1045
"1416",1,0,0,0,5,3.33333325386047,5,0,1,1.08843541145325,1,1.03121912479401,3,1,830
"1417",3,0,0,0,4,3.33333325386047,5,1,1,1.06666672229767,1,1.03121912479401,3,1,1272
"1418",1,0,0,0,1,1.66666662693024,5,1,0,1,1,1.03121912479401,3,2,1224
"1419",3,0,0,0,4.33333349227905,4.33333349227905,4,1,1,1.01910829544067,1,1.03121912479401,3,2,925
"1420",1,0,0,0,4.33333349227905,3,5,0,0,1.08843541145325,1,1.03121912479401,3,2,461
"1421",1,1,0,0,4,2.66666674613953,5,1,1,1.06666672229767,1,1.03121912479401,3,2,946
"1422",2,1,0,0,5,3,5,0,1,1.01726257801056,1,1.03121912479401,3,2,1194
"1423",1,0,0,0,3,2.33333325386047,5,0,0,1.01522839069366,1,1.03121912479401,3,2,1320
"1424",2,0,0,0,3,2.33333325386047,4.66666650772095,1,0,1.02777779102325,1,1.03121912479401,3,1,445
"1425",1,0,0,0,3.33333325386047,2.66666674613953,5,1,1,NA,1,1.03121912479401,3,1,1175
"1426",1,0,0,0,3.66666674613953,4,3.66666674613953,1,1,1,1,1.03121912479401,3,1,1273
"1427",1,1,0,0,3.33333325386047,4,4.66666650772095,1,1,1.06185293197632,1,1.03121912479401,3,2,754
"1428",1,0,0,0,5,3.66666674613953,4.66666650772095,1,1,NA,1,1.03121912479401,3,1,1260
"1429",1,0,0,0,4.33333349227905,2.33333325386047,5,1,1,1.01703536510468,1,1.03121912479401,3,2,919
"1430",2,0,0,0,3.66666674613953,3.66666674613953,5,1,1,1,1,1.03121912479401,3,2,866
"1431",2,0,0,0,4.66666650772095,2.66666674613953,5,0,1,1,1,1.03121912479401,3,1,1186
"1432",3,0,0,0,3,2.33333325386047,5,1,0,1.28155338764191,1,1.01218378543854,3,2,1183
"1433",2,0,0,0,2.66666674613953,3.66666674613953,4.33333349227905,1,1,1.00543475151062,1,1.01218378543854,3,2,632
"1434",2,0,0,0,4,3.66666674613953,3,1,1,1.01910829544067,1,1.01218378543854,3,2,858
"1435",1,0,0,0,1,1.66666662693024,4.66666650772095,1,1,1.05568754673004,1,1.01218378543854,3,2,1031
"1436",1,0,0,0,1.66666662693024,2.33333325386047,3,1,1,0.942675173282623,1,1.01218378543854,3,2,558
"1437",1,1,0,0,3,2.66666674613953,5,1,1,NA,1,1.01218378543854,3,1,1299
"1438",1,0,0,0,4,3.66666674613953,4,1,0,1.00543475151062,1,1.01218378543854,3,2,986
"1439",3,0,0,0,1.66666662693024,2.33333325386047,3,0,0,0.916666626930237,1,1.01218378543854,3,2,1417
"1440",2,1,0,0,4,2.66666674613953,5,0,0,0.862745106220245,1,1.01218378543854,3,2,817
"1441",1,0,0,0,3,2.33333325386047,5,1,1,NA,1,1.01218378543854,3,1,184
"1442",1,0,0,0,5,3.33333325386047,5,1,1,1.00426816940308,1,1.01218378543854,3,2,853
"1443",3,0,0,0,3.33333325386047,2.66666674613953,5,1,1,1,1,1.01218378543854,3,2,619
"1444",3,0,0,0,2,2,5,1,1,NA,1,1.01218378543854,3,1,925
"1445",2,0,0,0,3.33333325386047,2.66666674613953,5,1,0,NA,1,1.01218378543854,3,1,1324
"1446",2,0,0,0,3,2.66666674613953,5,1,1,1.05263161659241,1,1.01218378543854,3,2,727
"1447",2,0,0,0,2.66666674613953,2,5,1,1,NA,1,1.01218378543854,3,1,1175
"1448",2,0,0,0,2.33333325386047,2,5,1,1,1,1,1.01218378543854,3,2,553
"1449",2,1,0,0,3.66666674613953,2.33333325386047,5,1,0,1.00162422657013,1,0.990387201309204,2,1,313
"1450",2,0,0,0,4.33333349227905,4,2.33333325386047,1,1,0.879999995231628,1,0.990387201309204,2,1,549
"1451",3,0,0,0,2,2,5,1,0,1.02777779102325,1,0.990387201309204,2,1,78
"1452",1,1,0,0,3,2.33333325386047,5,0,1,0.930521070957184,1,0.990387201309204,2,1,334
"1453",3,1,0,0,3.33333325386047,4.33333349227905,4,1,1,1.08029198646545,1,0.990387201309204,2,1,299
"1454",2,0,0,0,1.66666662693024,2.33333325386047,3,0,1,1.08420670032501,1,0.990387201309204,2,1,44
"1455",1,0,0,0,1.33333337306976,1.66666662693024,5,0,0,0.970588207244873,1,0.990387201309204,2,1,255
"1456",3,0,0,0,3.66666674613953,3,5,1,1,0.980712652206421,1,0.990387201309204,2,1,706
"1457",1,0,0,0,3.66666674613953,4,3,0,1,1.01910829544067,1,0.990387201309204,2,1,83
"1458",1,0,0,0,4.33333349227905,3.33333325386047,5,1,1,0.923076927661896,1,0.990387201309204,2,1,30
"1459",2,0,0,0,1.66666662693024,2,5,0,1,1.02357316017151,1,0.990387201309204,2,1,58
"1460",2,0,0,0,3.66666674613953,3.33333325386047,5,1,0,0.916666626930237,1,0.990387201309204,2,1,130
"1461",1,0,0,0,4.66666650772095,3,5,1,0,0.833333313465118,1,0.990387201309204,2,1,40
"1462",1,0,0,0,4.33333349227905,3,5,1,1,1,1,0.990387201309204,2,1,206
"1463",2,0,0,0,5,4,3,1,1,1,1,0.990387201309204,2,1,1378
"1464",3,0,0,0,4.66666650772095,2.33333325386047,4.66666650772095,1,0,1.35635018348694,1,0.990387201309204,2,1,1360
"1465",2,0,0,0,3.66666674613953,2.66666674613953,5,0,1,0.851063847541809,1,0.990387201309204,2,1,762
"1466",3,0,0,0,2.33333325386047,2.33333325386047,5,0,1,0.923076927661896,1,0.990387201309204,2,1,601
"1467",1,0,0,0,3.33333325386047,2.66666674613953,4,1,1,1.01538455486298,1,0.990387201309204,2,1,818
"1468",2,1,0,0,3.33333325386047,3.33333325386047,2.66666674613953,0,1,0.986666679382324,1,0.966238975524902,2,4,533
"1469",3,0,0,0,1.66666662693024,2,5,1,1,1.14893615245819,1,0.966238975524902,2,2,257
"1470",2,0,0,0,4,3.66666674613953,3.33333325386047,1,0,0.961038947105408,1,0.966238975524902,2,4,490
"1471",1,0,0,0,2.66666674613953,3,4.33333349227905,1,0,1.01807069778442,1,0.966238975524902,2,2,989
"1472",1,0,0,0,2.66666674613953,3,4.33333349227905,1,1,0.923076927661896,1,0.966238975524902,2,2,304
"1473",2,0,0,0,2.33333325386047,2,4,1,1,0.961038947105408,1,0.966238975524902,2,2,991
"1474",2,0,0,0,3.66666674613953,2.33333325386047,5,1,0,0.897959172725677,1,0.966238975524902,2,4,1166
"1475",2,1,0,0,2.33333325386047,2.33333325386047,5,0,0,0.929292917251587,1,0.966238975524902,2,2,103
"1476",3,1,0,0,1,1.66666662693024,5,0,1,0.830769240856171,1,0.966238975524902,2,2,89
"1477",1,0,0,0,4.33333349227905,4,2.66666674613953,1,0,1.01910829544067,1,0.966238975524902,2,4,887
"1478",2,0,0,0,3,2.33333325386047,5,0,1,1,1,0.966238975524902,2,2,4
"1479",3,0,0,0,2,2,5,1,1,1.02777779102325,1,0.966238975524902,2,2,43
"1480",3,0,0,0,3.66666674613953,3,5,1,1,1.08843541145325,1,0.966238975524902,2,2,301
"1481",1,0,0,0,4.33333349227905,2.33333325386047,5,0,0,0.923076927661896,1,0.966238975524902,2,4,404
"1482",3,0,0,0,1.66666662693024,1.66666662693024,5,1,0,0.97560977935791,1,0.966238975524902,2,4,249
"1483",1,0,0,0,2,1.66666662693024,5,1,0,NA,1,0.966238975524902,2,4,1361
"1484",1,1,0,0,2.66666674613953,2.33333325386047,5,0,0,1.26495730876923,1,0.966238975524902,2,2,331
"1485",1,0,0,0,4,4.33333349227905,2,1,1,0.942675173282623,1,0.966238975524902,2,2,183
"1486",2,0,0,0,2.33333325386047,2,5,1,0,1.02777779102325,1,0.966238975524902,2,2,212
"1487",1,0,0,0,2.33333325386047,2.33333325386047,5,0,1,NA,1,0.966238975524902,2,4,1347
"1488",2,0,0,0,1,1.66666662693024,5,0,0,0.953608274459839,1,0.966238975524902,2,2,369
"1489",2,0,0,0,3.33333325386047,2.33333325386047,5,0,0,0.904109597206116,1,0.966238975524902,2,2,359
"1490",1,0,0,0,4,3.33333325386047,4.33333349227905,1,1,0.923076927661896,1,0.966238975524902,2,4,30
"1491",1,0,0,0,2.66666674613953,3,4.33333349227905,1,0,NA,1,0.966238975524902,2,2,1310
"1492",1,0,0,0,3,2.66666674613953,5,0,1,0.992481172084808,1,0.966238975524902,2,2,336
"1493",1,0,0,0,1.66666662693024,2.33333325386047,3,1,1,1,1,0.966238975524902,2,2,456
"1494",3,0,0,0,3.66666674613953,3.33333325386047,2.33333325386047,1,1,0.821428537368774,1,0.966238975524902,2,4,782
"1495",1,0,0,0,3.66666674613953,3.33333325386047,3,1,0,0.830769240856171,1,0.966238975524902,2,4,445
"1496",3,0,0,0,4,2.66666674613953,5,1,1,1.00426816940308,1,0.966238975524902,2,2,853
"1497",3,0,0,0,1.66666662693024,2.33333325386047,3,0,1,0.923076927661896,1,0.966238975524902,2,4,979
"1498",2,0,0,0,3.66666674613953,3.33333325386047,4,1,1,0.904109597206116,1,0.966238975524902,2,4,920
"1499",2,0,0,0,2.33333325386047,2.66666674613953,4,0,0,1.04058277606964,1,0.966238975524902,2,2,1200
"1500",1,0,0,0,3.33333325386047,2.66666674613953,5,1,0,0.942857146263123,1,0.966238975524902,2,2,48
"1501",2,0,0,0,1,1.66666662693024,5,1,1,NA,1,0.966238975524902,2,4,990
"1502",2,0,0,0,4.33333349227905,4.66666650772095,2.33333325386047,1,1,0.857142865657806,1,0.966238975524902,2,4,940
"1503",3,0,0,0,4.33333349227905,4.33333349227905,2.33333325386047,1,1,1.11278200149536,1,0.966238975524902,2,2,975
"1504",1,0,0,0,2.66666674613953,3,3.66666674613953,1,1,0.948717951774597,1,0.966238975524902,2,4,1247
"1505",3,0,0,0,4,4.33333349227905,2,1,1,0.961038947105408,1,0.966238975524902,2,4,667
"1506",1,0,0,0,2.33333325386047,2.66666674613953,3,1,1,1,1,0.966238975524902,2,4,422
"1507",1,0,0,0,4.33333349227905,4,4.33333349227905,1,0,1.03380835056305,1,0.966238975524902,2,4,160
"1508",1,0,0,0,3.66666674613953,2.33333325386047,5,1,1,1.14285719394684,1,0.966238975524902,2,2,242
"1509",3,1,0,0,1.66666662693024,2.33333325386047,3,0,0,0.875912427902222,1,0.966238975524902,2,2,358
"1510",1,0,0,0,3.66666674613953,4,3,1,1,0.879999995231628,1,0.966238975524902,2,2,124
"1511",1,0,0,0,3,3,5,1,1,0.934050381183624,1,0.966238975524902,2,4,106
"1512",2,1,0,0,2.33333325386047,1.66666662693024,5,1,0,NA,1,0.966238975524902,2,4,1275
"1513",2,1,0,0,4.66666650772095,4.33333349227905,3,1,1,1,1,0.966238975524902,2,2,754
"1514",2,0,0,0,3.33333325386047,2.33333325386047,5,0,1,1,1,0.966238975524902,2,2,194
"1515",3,0,0,0,3.66666674613953,4,3.33333325386047,1,0,0.862745106220245,1,0.966238975524902,2,4,910
"1516",2,0,0,0,5,3,5,1,1,1,1,0.966238975524902,2,4,155
"1517",2,0,0,0,3,4,4.33333349227905,0,0,0.814159274101257,1,0.966238975524902,2,2,182
"1518",3,0,0,0,3,3,3,1,0,0.857142865657806,1,0.966238975524902,2,2,298
"1519",3,0,1,0,2,2,5,1,0,NA,0,0.890171349048615,1,2,85
"1520",1,1,1,0,2.33333325386047,2.33333325386047,5,0,1,NA,0,0.890171349048615,1,2,17
"1521",3,1,1,0,4.33333349227905,3,5,0,1,0.357142865657806,0,0.890171349048615,1,3,1056
"1522",1,0,1,0,2,2.66666674613953,5,1,0,0.816326558589935,0,0.890171349048615,1,3,617
"1523",1,0,1,0,3.33333325386047,3.33333325386047,5,0,0,NA,0,0.890171349048615,1,2,1091
"1524",1,0,1,0,1,2,5,1,0,0.970588207244873,0,0.890171349048615,1,3,462
"1525",2,0,1,0,2,2,5,1,0,0.89991819858551,0,0.890171349048615,1,3,804
"1526",2,1,1,0,4,3,4.33333349227905,0,1,NA,0,0.890171349048615,1,2,34
"1527",2,0,1,0,3,4,4.33333349227905,0,0,0.901639342308044,0,0.890171349048615,1,3,838
"1528",3,0,1,0,1,1.66666662693024,5,0,0,0.986666679382324,0,0.890171349048615,1,3,406
"1529",1,0,1,0,3.33333325386047,2.66666674613953,4,0,1,0.649999976158142,0,0.890171349048615,1,3,1027
"1530",3,0,1,0,1.66666662693024,2.33333325386047,3,1,1,NA,0,0.890171349048615,1,2,306
"1531",2,0,1,0,2,2.33333325386047,5,1,1,NA,0,0.890171349048615,1,2,483
"1532",1,0,1,0,5,3.33333325386047,5,1,0,NA,0,0.890171349048615,1,2,213
"1533",3,0,1,0,1.66666662693024,2,5,0,1,NA,0,0.890171349048615,1,2,822
"1534",2,1,1,0,2.33333325386047,2.66666674613953,5,1,1,NA,0,0.890171349048615,1,2,116
"1535",1,0,1,0,1.33333337306976,2,5,1,0,NA,0,0.890171349048615,1,2,1079
"1536",1,0,1,0,2,2,5,1,1,1.01910829544067,0,0.890171349048615,1,3,896
"1537",2,0,1,0,2,2,4.33333349227905,1,0,NA,0,0.890171349048615,1,2,692
"1538",3,0,1,0,2.33333325386047,2.66666674613953,5,1,1,NA,0,0.890171349048615,1,2,1044
"1539",1,0,1,0,2.33333325386047,3,4,1,0,0.967741906642914,0,0.890171349048615,1,3,611
"1540",2,0,1,0,1,2,4,1,0,0.793103456497192,0,0.890171349048615,1,3,969
"1541",2,0,1,0,1.66666662693024,1.66666662693024,3,1,0,0.862745106220245,0,0.890171349048615,1,3,500
"1542",3,0,1,0,3.66666674613953,2.33333325386047,5,1,0,NA,0,0.890171349048615,1,2,429
"1543",1,0,1,0,2,2.33333325386047,3.33333325386047,1,1,NA,0,0.890171349048615,1,2,631
"1544",1,0,1,0,2.66666674613953,2.33333325386047,4.66666650772095,1,0,NA,0,0.890171349048615,1,2,349
"1545",1,0,1,0,2.66666674613953,3,5,1,0,NA,0,0.890171349048615,1,2,71
"1546",3,0,1,0,3,2.33333325386047,5,1,0,0.942675173282623,0,0.890171349048615,1,3,651
"1547",2,1,1,0,4,2.66666674613953,4.66666650772095,0,1,NA,0,0.890171349048615,1,2,579
"1548",2,0,1,0,2,2,4.66666650772095,0,0,NA,0,0.890171349048615,1,2,428
"1549",1,0,1,0,2.33333325386047,2.33333325386047,5,1,0,NA,0,0.890171349048615,1,2,1362
"1550",3,0,1,0,3,2.66666674613953,5,1,1,NA,0,0.890171349048615,1,2,131
"1551",1,0,1,0,2.66666674613953,2,4.66666650772095,1,1,NA,0,0.890171349048615,1,2,733
"1552",2,0,1,0,2,2.33333325386047,5,1,0,NA,0,0.890171349048615,1,2,375
"1553",3,0,1,0,1,2,5,1,0,NA,0,0.890171349048615,1,2,908
"1554",3,1,1,0,5,3.33333325386047,5,1,0,0.949640274047852,0,0.890171349048615,1,3,758
"1555",2,0,1,0,2.66666674613953,2.33333325386047,5,1,1,NA,0,0.890171349048615,1,2,1416
"1556",2,0,1,0,1.66666662693024,2,5,0,1,NA,0,0.890171349048615,1,2,8
"1557",1,0,1,0,2,2.66666674613953,5,1,0,NA,0,0.890171349048615,1,2,705
"1558",3,0,1,0,2,2.33333325386047,5,1,0,NA,0,0.890171349048615,1,2,372
"1559",3,0,1,0,3,2.66666674613953,5,0,1,NA,0,0.890171349048615,1,2,1213
"1560",1,0,1,0,3.33333325386047,2.66666674613953,5,0,1,NA,0,0.890171349048615,1,2,454
"1561",2,0,1,0,2.33333325386047,2.33333325386047,3.33333325386047,1,1,NA,0,0.890171349048615,1,2,217
"1562",3,0,1,0,4,3,5,0,1,NA,0,0.890171349048615,1,2,527
"1563",3,0,1,0,2.66666674613953,3,5,0,0,0.904109597206116,0,0.890171349048615,1,3,786
"1564",3,0,1,0,1.66666662693024,2,5,1,0,NA,0,0.890171349048615,1,2,249
"1565",3,0,1,0,1,2,5,1,0,NA,0,0.890171349048615,1,2,407
"1566",2,0,1,0,1,1.66666662693024,5,1,0,NA,0,0.890171349048615,1,2,237
"1567",3,0,1,0,3.66666674613953,4.66666650772095,4.33333349227905,1,0,1.00680267810822,0,0.890171349048615,1,3,440
"1568",3,0,1,0,2,2,4.66666650772095,0,1,NA,0,0.890171349048615,1,2,720
"1569",2,0,1,0,1.66666662693024,1.66666662693024,3,1,1,NA,0,0.890171349048615,1,2,1246
"1570",2,0,1,0,1,1.66666662693024,5,0,0,0.923076927661896,0,0.890171349048615,1,3,1357
"1571",2,0,1,0,1.66666662693024,2.33333325386047,3,0,0,NA,0,0.890171349048615,1,2,348
"1572",1,0,1,0,1.66666662693024,2,5,1,1,NA,0,0.890171349048615,1,2,584
"1573",2,1,1,0,3,2.33333325386047,3.33333325386047,0,0,0.850393712520599,0,0.890171349048615,1,3,744
"1574",3,0,1,0,4.33333349227905,4,4,0,1,0.942675173282623,0,0.890171349048615,1,3,802
"1575",2,0,1,0,2,2,5,1,0,NA,0,0.890171349048615,1,2,394
"1576",3,1,1,0,4.33333349227905,3.33333325386047,5,0,1,NA,0,0.890171349048615,1,2,1276
"1577",2,0,1,0,1.66666662693024,2,5,1,1,NA,0,0.890171349048615,1,2,150
"1578",1,0,1,0,3.66666674613953,2.66666674613953,5,0,1,NA,0,0.890171349048615,1,2,209
"1579",1,0,1,0,4.33333349227905,2.33333325386047,5,1,1,NA,0,0.890171349048615,1,2,578
"1580",1,0,1,0,2,2.33333325386047,4.33333349227905,1,0,NA,0,0.890171349048615,1,2,82
"1581",2,0,1,0,4,2.33333325386047,5,1,0,NA,0,0.890171349048615,1,2,470
"1582",3,0,1,0,2.66666674613953,2.33333325386047,5,0,0,0.485981285572052,0,0.890171349048615,1,3,1212
"1583",3,0,1,0,2.66666674613953,2.66666674613953,5,1,0,NA,0,0.890171349048615,1,2,36
"1584",2,1,1,0,2.33333325386047,3,5,1,0,0.857142865657806,0,0.890171349048615,1,3,962
"1585",3,0,1,0,3,4,4,1,0,1.01703536510468,0,0.890171349048615,1,3,1293
"1586",1,0,1,0,4,3,5,0,0,NA,0,0.890171349048615,1,2,164
"1587",2,0,1,0,1,1.66666662693024,5,1,1,NA,0,0.890171349048615,1,2,183
"1588",1,0,1,0,2.33333325386047,2.33333325386047,5,1,1,NA,0,0.890171349048615,1,2,854
"1589",3,0,1,0,4,3,5,1,0,NA,0,0.890171349048615,1,2,178
"1590",2,0,1,0,1,1.66666662693024,5,0,0,NA,0,0.890171349048615,1,2,9
"1591",2,1,1,0,1.66666662693024,2,4.66666650772095,0,0,NA,0,0.890171349048615,1,2,330
"1592",1,0,1,0,2,4,4,1,0,NA,0,0.890171349048615,1,2,941
"1593",2,0,1,0,1.33333337306976,2,5,1,0,1.07246375083923,0,0.890171349048615,1,3,625
"1594",3,0,1,0,1.66666662693024,2,5,0,1,NA,0,0.890171349048615,1,2,341
"1595",2,1,1,0,5,3,5,0,0,NA,0,0.890171349048615,1,2,748
"1596",1,0,1,0,1.33333337306976,2,5,0,0,1.08029198646545,0,0.890171349048615,1,3,851
"1597",1,0,1,0,2.66666674613953,2.33333325386047,5,0,0,NA,0,0.890171349048615,1,2,672
"1598",1,0,1,0,1.33333337306976,2.33333325386047,5,1,0,NA,0,0.890171349048615,1,2,1432
"1599",2,0,1,0,3.66666674613953,2.66666674613953,5,1,0,1,0,0.890171349048615,1,3,846
"1600",3,0,1,0,1.66666662693024,2,5,1,0,NA,0,0.890171349048615,1,2,202
"1601",2,1,1,0,3.66666674613953,2.66666674613953,4.33333349227905,0,1,0.71875,0,0.890171349048615,1,3,745
"1602",1,0,1,0,4,4.33333349227905,3.33333325386047,0,0,NA,0,0.890171349048615,1,2,173
"1603",1,0,1,0,2,2.33333325386047,5,1,1,NA,0,0.890171349048615,1,2,1436
"1604",3,0,1,0,4.66666650772095,3,5,1,1,NA,0,0.890171349048615,1,2,1305
"1605",2,0,1,0,1.66666662693024,2.33333325386047,4.66666650772095,1,0,NA,0,0.890171349048615,1,2,805
"1606",2,0,1,0,1,1.66666662693024,5,0,1,NA,0,0.890171349048615,1,2,1363
"1607",1,0,1,0,4,3,3.33333325386047,0,1,0.791765630245209,0,0.890171349048615,1,3,526
"1608",1,0,1,0,2,2,5,0,1,NA,0,0.890171349048615,1,2,223
"1609",1,0,1,0,2.66666674613953,2.33333325386047,5,1,0,NA,0,0.890171349048615,1,2,1097
"1610",1,0,1,0,2.33333325386047,2.66666674613953,4.66666650772095,0,1,NA,0,0.890171349048615,1,2,401
"1611",1,0,1,0,1.66666662693024,1.66666662693024,4.33333349227905,1,0,NA,0,0.890171349048615,1,2,377
"1612",3,1,1,0,1.66666662693024,2,5,0,0,0.779727101325989,0,0.890171349048615,1,3,1104
"1613",2,0,1,0,2,2.33333325386047,5,0,0,NA,0,0.890171349048615,1,2,701
"1614",3,0,1,0,3,2.66666674613953,3.33333325386047,1,1,NA,0,0.890171349048615,1,2,246
"1615",3,1,1,0,1,1.66666662693024,5,0,0,NA,0,0.890171349048615,1,2,436
"1616",1,0,1,0,1.33333337306976,2,5,1,0,NA,0,0.890171349048615,1,2,293
"1617",1,1,1,0,1,1.66666662693024,5,1,0,NA,0,0.890171349048615,1,2,1358
"1618",2,0,1,0,1.66666662693024,1.66666662693024,4.66666650772095,1,0,0.651742696762085,0,0.890171349048615,1,3,604
"1619",2,1,1,0,1.66666662693024,2,4.66666650772095,0,0,NA,0,0.890171349048615,1,2,329
"1620",2,0,1,0,2,2.33333325386047,5,1,0,0.961038947105408,0,0.890171349048615,1,3,1233
"1621",2,0,1,0,3.66666674613953,2.66666674613953,5,1,0,NA,0,0.890171349048615,1,2,211
"1622",1,1,1,0,3,1.66666662693024,5,1,0,0.980132460594177,0,0.890171349048615,1,3,1364
"1623",2,1,1,0,2.33333325386047,1.66666662693024,5,0,0,NA,0,0.890171349048615,1,2,109
"1624",3,0,1,0,1,1.66666662693024,5,0,0,NA,0,0.890171349048615,1,2,233
"1625",3,1,1,0,4,2.66666674613953,5,1,0,NA,0,0.890171349048615,1,2,303
"1626",1,0,1,0,1,2.33333325386047,4.33333349227905,0,0,NA,0,0.890171349048615,1,2,591
"1627",1,1,1,0,3.33333325386047,2.33333325386047,5,0,0,NA,0,0.890171349048615,1,2,806
"1628",2,0,1,0,3,2.66666674613953,5,0,0,NA,0,0.890171349048615,1,2,649
"1629",1,0,1,0,4.66666650772095,3.66666674613953,4,1,1,1,0,0.890171349048615,1,3,1315
"1630",2,0,1,0,4.33333349227905,3,5,1,1,NA,0,0.890171349048615,1,2,66
"1631",2,0,1,0,1.66666662693024,1.66666662693024,5,0,1,NA,0,0.890171349048615,1,2,39
"1632",2,0,1,0,2,2,5,1,0,NA,0,0.890171349048615,1,2,31
"1633",2,0,1,0,3.33333325386047,3.33333325386047,4.33333349227905,1,0,0.923076927661896,0,0.890171349048615,1,3,486
"1634",1,0,1,0,1.66666662693024,2.33333325386047,5,1,1,NA,0,0.890171349048615,1,2,588
"1635",1,0,1,0,2,2,5,0,0,0.870967745780945,0,0.890171349048615,1,3,1300
"1636",1,0,1,0,4.66666650772095,4.33333349227905,4.66666650772095,1,1,0.980132460594177,0,0.890171349048615,1,3,1014
"1637",3,0,1,0,3,2.66666674613953,5,0,0,1,0,0.890171349048615,1,3,841
"1638",3,0,1,0,1.66666662693024,2,5,1,1,0.850393712520599,0,0.890171349048615,1,3,1249
"1639",2,1,1,0,2,2,4.66666650772095,0,0,NA,0,0.890171349048615,1,2,917
"1640",1,0,1,0,1.33333337306976,2,5,0,1,NA,0,0.890171349048615,1,2,780
"1641",1,0,1,0,1.66666662693024,2,4.66666650772095,0,0,1,0,0.890171349048615,1,3,1042
"1642",1,0,1,0,3,4,4.66666650772095,1,1,NA,0,0.890171349048615,1,2,859
"1643",2,0,1,0,5,3.66666674613953,5,1,0,0.944881916046143,0,0.890171349048615,1,3,930
"1644",1,0,1,0,3.33333325386047,2.66666674613953,5,0,0,NA,0,0.890171349048615,1,2,28
"1645",1,0,1,0,3.33333325386047,2.33333325386047,5,1,1,NA,0,0.890171349048615,1,2,644
"1646",2,0,1,0,1.33333337306976,2,5,1,0,NA,0,0.890171349048615,1,2,92
"1647",1,0,1,0,4.66666650772095,4.66666650772095,4.66666650772095,1,0,1.00680267810822,0,0.890171349048615,1,3,496
"1648",2,0,1,0,1.66666662693024,2.33333325386047,5,1,0,NA,0,0.890171349048615,1,2,346
"1649",1,0,1,0,1.33333337306976,1.66666662693024,5,0,0,NA,0,0.914665520191193,1,2,28
"1650",2,0,1,0,1.66666662693024,1.66666662693024,5,0,0,NA,0,0.914665520191193,1,2,164
"1651",1,0,1,0,3.66666674613953,4,4,0,1,NA,0,0.914665520191193,1,3,569
"1652",1,1,1,0,5,4.66666650772095,3,1,0,0.923076927661896,0,0.914665520191193,1,3,962
"1653",3,0,1,0,1.66666662693024,1.66666662693024,5,1,0,0.980132460594177,0,0.914665520191193,1,3,586
"1654",1,0,1,0,3,3.66666674613953,4,1,0,NA,0,0.914665520191193,1,3,486
"1655",2,0,1,0,1.33333337306976,2.33333325386047,3.66666674613953,1,0,NA,0,0.914665520191193,1,2,31
"1656",3,0,1,0,2,2.33333325386047,5,1,0,NA,0,0.914665520191193,1,2,202
"1657",1,0,1,0,1.66666662693024,2.33333325386047,4.33333349227905,1,1,NA,0,0.914665520191193,1,2,631
"1658",3,0,1,0,1,1.66666662693024,5,1,1,NA,0,0.914665520191193,1,2,183
"1659",1,1,1,0,2.66666674613953,1.66666662693024,5,0,0,NA,0,0.914665520191193,1,2,748
"1660",3,0,1,0,2,2.33333325386047,3,1,0,0.49056601524353,0,0.914665520191193,1,3,559
"1661",2,0,1,0,2,1.66666662693024,5,1,0,NA,0,0.914665520191193,1,2,349
"1662",2,0,1,0,2.33333325386047,1.66666662693024,5,1,0,NA,0,0.914665520191193,1,2,692
"1663",2,0,1,0,3.66666674613953,4.33333349227905,3.66666674613953,1,0,1,0,0.914665520191193,1,3,500
"1664",1,0,1,0,3.66666674613953,3,4.66666650772095,1,0,0.47272726893425,0,0.914665520191193,1,3,379
"1665",1,1,1,0,1.66666662693024,1.66666662693024,5,0,0,NA,0,0.914665520191193,1,2,436
"1666",2,0,1,0,4.66666650772095,4.33333349227905,2.33333325386047,1,0,1.09662127494812,0,0.914665520191193,1,3,413
"1667",2,0,1,0,3.66666674613953,3.33333325386047,4,1,1,1.00680267810822,0,0.914665520191193,1,3,773
"1668",1,0,1,0,2.33333325386047,2.33333325386047,4.33333349227905,0,1,NA,0,0.914665520191193,1,2,223
"1669",2,0,1,0,1.66666662693024,1.66666662693024,5,1,0,NA,0,0.914665520191193,1,2,15
"1670",3,0,1,0,1,1.66666662693024,5,1,0,NA,0,0.914665520191193,1,2,293
"1671",3,0,1,0,2.33333325386047,2,3.66666674613953,0,0,1.01538455486298,0,0.914665520191193,1,3,997
"1672",1,0,1,0,2,2,5,1,0,NA,0,0.914665520191193,1,2,85
"1673",2,1,1,0,4.33333349227905,3,3,0,1,0.953608274459839,0,0.914665520191193,1,3,745
"1674",1,1,1,0,2,2,5,0,0,NA,0,0.914665520191193,1,2,317
"1675",3,0,1,0,1.66666662693024,1.66666662693024,5,1,0,1.01910829544067,0,0.914665520191193,1,3,651
"1676",2,0,1,0,4,4,4,0,1,0.62992125749588,0,0.914665520191193,1,3,722
"1677",1,0,1,0,2.33333325386047,3.66666674613953,4,1,1,1.09589040279388,0,0.914665520191193,1,3,896
"1678",2,0,1,0,4.66666650772095,3,2,0,1,1.01703536510468,0,0.914665520191193,1,3,526
"1679",2,0,1,0,1,1.66666662693024,5,1,1,NA,0,0.914665520191193,1,2,217
"1680",1,1,1,0,2.33333325386047,1.66666662693024,5,0,0,NA,0,0.914665520191193,1,2,109
"1681",2,0,1,0,1,1.66666662693024,5,1,0,NA,0,0.914665520191193,1,2,696
"1682",3,0,1,0,4.33333349227905,2,5,1,0,NA,0,0.914665520191193,1,2,211
"1683",2,0,1,0,2,2,5,0,0,NA,0,0.914665520191193,1,2,399
"1684",3,0,1,0,3.66666674613953,2.33333325386047,4.66666650772095,0,0,NA,0,0.914665520191193,1,2,835
"1685",3,0,1,0,1.66666662693024,2.33333325386047,3,0,0,NA,0,0.914665520191193,1,2,649
"1686",1,0,1,0,1.33333337306976,1.66666662693024,5,1,0,NA,0,0.914665520191193,1,2,36
"1687",2,0,1,0,2.66666674613953,3,4.33333349227905,1,0,NA,0,0.914665520191193,1,2,82
"1688",3,0,1,0,1,1.66666662693024,5,0,0,NA,0,0.914665520191193,1,2,428
"1689",2,1,1,0,4.66666650772095,4.33333349227905,2.33333325386047,1,1,NA,0,0.914665520191193,1,3,883
"1690",3,0,1,0,4.33333349227905,2.66666674613953,4.66666650772095,1,0,1,0,0.914665520191193,1,3,938
"1691",2,1,1,0,4.33333349227905,2.66666674613953,5,1,0,1.01910829544067,0,0.914665520191193,1,3,758
"1692",3,1,1,0,3.66666674613953,2,5,1,1,NA,0,0.914665520191193,1,2,116
"1693",3,0,1,0,2,3.33333325386047,3.66666674613953,1,1,NA,0,0.914665520191193,1,2,584
"1694",1,0,1,0,1,1.66666662693024,5,1,0,NA,0,0.914665520191193,1,2,470
"1695",1,0,1,0,3.33333325386047,2.33333325386047,5,1,0,NA,0,0.914665520191193,1,2,237
"1696",3,1,1,0,2.66666674613953,2,5,0,0,NA,0,0.914665520191193,1,2,330
"1697",3,0,0,1,1,1.66666662693024,5,0,0,1.04575169086456,0,0.992004096508026,3,4,716
"1698",3,0,0,1,2.33333325386047,2.33333325386047,5,1,1,1.16535437107086,0,0.992004096508026,3,4,150
"1699",1,0,0,1,3.66666674613953,3,2.66666674613953,1,1,0.862745106220245,0,0.992004096508026,3,4,124
"1700",2,1,0,1,1.33333337306976,2,4.66666650772095,0,1,0.967741906642914,0,0.992004096508026,3,1,1228
"1701",3,0,0,1,4,2.33333325386047,5,1,1,1.00680267810822,0,0.992004096508026,3,4,777
"1702",3,1,0,1,2.66666674613953,2.33333325386047,5,0,1,0.992481172084808,0,0.992004096508026,3,1,595
"1703",2,0,0,1,1,1.66666662693024,4,1,0,1.03496503829956,0,0.992004096508026,3,4,653
"1704",1,0,0,1,4,3.33333325386047,5,1,1,1.01910829544067,0,0.992004096508026,3,1,529
"1705",3,0,0,1,1,1.66666662693024,4.66666650772095,1,1,1.01538455486298,0,0.992004096508026,3,4,636
"1706",1,0,0,1,2.33333325386047,2.33333325386047,5,0,1,0.980132460594177,0,0.992004096508026,3,1,1130
"1707",1,0,0,1,3.66666674613953,3.66666674613953,2,1,1,0.875912427902222,0,0.992004096508026,3,1,1397
"1708",2,0,0,1,1.66666662693024,1.66666662693024,3.66666674613953,1,1,1.00680267810822,0,0.992004096508026,3,4,785
"1709",2,0,0,1,1.33333337306976,2,5,1,0,0.980132460594177,0,0.992004096508026,3,4,377
"1710",2,0,0,1,5,3.66666674613953,4,1,1,1.01522839069366,0,0.992004096508026,3,4,552
"1711",1,0,0,1,3,3.33333325386047,4.66666650772095,0,1,1.04575169086456,0,0.992004096508026,3,1,1141
"1712",1,0,0,1,1.66666662693024,1.66666662693024,3,0,1,1.23333334922791,0,0.992004096508026,3,1,525
"1713",3,0,0,1,2.66666674613953,2.66666674613953,5,1,1,1.01538455486298,0,0.992004096508026,3,4,30
"1714",1,0,0,1,4.66666650772095,3,5,1,1,1.03896105289459,0,0.992004096508026,3,4,355
"1715",2,1,0,1,2,2,5,0,0,0.873871266841888,0,0.992004096508026,3,1,1073
"1716",2,0,0,1,2.66666674613953,2.33333325386047,2.66666674613953,1,1,0.961038947105408,0,0.992004096508026,3,1,827
"1717",2,0,0,1,2.33333325386047,2.33333325386047,5,0,0,1.10091745853424,0,0.992004096508026,3,4,494
"1718",1,1,0,1,2,3,4.33333349227905,0,1,0.875912427902222,0,0.992004096508026,3,4,137
"1719",1,0,0,1,3.33333325386047,3,4,0,0,0.813743233680725,0,0.992004096508026,3,4,686
"1720",1,0,0,1,4.66666650772095,2.66666674613953,5,1,0,0.904109597206116,0,0.992004096508026,3,4,425
"1721",2,1,0,1,4.33333349227905,3.33333325386047,4.66666650772095,0,1,1,0,0.992004096508026,3,4,338
"1722",2,1,0,1,5,3.66666674613953,5,0,1,1.08029198646545,0,0.992004096508026,3,4,319
"1723",1,0,0,1,3.66666674613953,3.66666674613953,4,1,1,1,0,0.992004096508026,3,4,459
"1724",1,0,0,1,1.66666662693024,1.66666662693024,5,1,1,1.16504859924316,0,0.992004096508026,3,4,197
"1725",1,1,0,1,2.66666674613953,3.33333325386047,2.66666674613953,0,1,0.765957474708557,0,0.992004096508026,3,4,660
"1726",2,0,0,1,3.66666674613953,4,4,1,1,1.02777779102325,0,0.992004096508026,3,1,455
"1727",2,0,0,1,2,1.66666662693024,5,0,0,1.06951868534088,0,0.992004096508026,3,4,369
"1728",3,0,0,1,2.33333325386047,2.33333325386047,3,0,0,0.923076927661896,0,0.992004096508026,3,4,54
"1729",3,0,0,1,4.66666650772095,4.33333349227905,2.66666674613953,1,1,1.08029198646545,0,0.992004096508026,3,4,463
"1730",2,0,0,1,5,3,5,1,1,1,0,0.992004096508026,3,4,155
"1731",2,1,0,1,2.33333325386047,2.33333325386047,3,0,1,1,0,0.992004096508026,3,1,539
"1732",1,0,0,1,1.33333337306976,2,5,1,0,0.942675173282623,0,0.992004096508026,3,4,269
"1733",2,0,0,1,4.66666650772095,4,2,1,1,0.862745106220245,0,0.992004096508026,3,4,104
"1734",2,0,0,1,3.33333325386047,4,4,1,1,0.970588207244873,0,0.992004096508026,3,4,771
"1735",1,0,0,1,3.33333325386047,2.66666674613953,5,1,1,1.01910829544067,0,0.992004096508026,3,1,924
"1736",1,0,0,1,2,2,4.33333349227905,1,1,0.942675173282623,0,0.992004096508026,3,4,248
"1737",2,0,0,1,2,1.33333337306976,3.33333325386047,0,1,1.02777779102325,0,0.992004096508026,3,4,401
"1738",3,0,0,1,5,4.66666650772095,4,1,1,1,0,0.992004096508026,3,4,108
"1739",3,1,0,1,2.33333325386047,2.33333325386047,5,1,1,0.961038947105408,0,0.992004096508026,3,4,300
"1740",1,0,0,1,3.33333325386047,3.33333325386047,5,1,1,1.00680267810822,0,0.992004096508026,3,1,734
"1741",3,0,0,1,2.33333325386047,2.33333325386047,5,1,1,0.879999995231628,0,0.992004096508026,3,4,1005
"1742",3,0,0,1,2,2,5,0,1,0.961038947105408,0,0.992004096508026,3,1,1016
"1743",3,0,0,1,2.33333325386047,2.33333325386047,5,0,0,1.09589040279388,0,0.992004096508026,3,1,1332
"1744",1,0,0,1,1.33333337306976,1.66666662693024,4.66666650772095,1,0,1.06967329978943,0,0.992004096508026,3,4,1426
"1745",3,0,0,1,1,1.66666662693024,5,1,1,0.923076927661896,0,0.992004096508026,3,1,1254
"1746",1,1,0,1,3.33333325386047,4.33333349227905,4,1,1,0.942675173282623,0,0.992004096508026,3,4,254
"1747",1,1,0,1,3,3,5,0,0,1.01910829544067,0,0.992004096508026,3,1,902
"1748",2,0,0,1,2.66666674613953,1.66666662693024,5,1,1,1.02777779102325,0,0.992004096508026,3,4,741
"1749",3,0,0,1,2,2.33333325386047,5,1,1,0.970588207244873,0,0.992004096508026,3,4,536
"1750",3,0,0,1,2.66666674613953,2.33333325386047,5,1,1,1,0,0.992004096508026,3,4,98
"1751",2,0,0,1,4,2.33333325386047,5,0,0,1,0,0.992004096508026,3,1,1369
"1752",1,0,0,1,4,3,5,1,1,0.961038947105408,0,0.992004096508026,3,4,245
"1753",1,0,0,1,4.33333349227905,4.33333349227905,3.33333325386047,1,1,1.00162422657013,0,0.992004096508026,3,4,1407
"1754",2,1,0,1,1.66666662693024,1.66666662693024,3,1,0,1.00680267810822,0,0.992004096508026,3,4,495
"1755",2,1,0,1,3,3,5,0,1,1.12820506095886,0,1.03789758682251,3,4,560
"1756",2,1,0,1,1.66666662693024,2.33333325386047,3,0,1,1.05714285373688,0,1.03789758682251,3,4,719
"1757",1,0,0,1,4,4.33333349227905,3.33333325386047,1,1,0.961038947105408,0,1.03789758682251,3,4,1414
"1758",3,0,0,1,2.66666674613953,2.33333325386047,5,0,1,1.02777779102325,0,1.03789758682251,3,4,405
"1759",3,0,0,1,1.33333337306976,1.66666662693024,4.66666650772095,1,0,1.11278200149536,0,1.03789758682251,3,4,547
"1760",1,1,0,1,1,1.66666662693024,4.33333349227905,0,1,1.02777779102325,0,1.03789758682251,3,4,439
"1761",1,0,0,1,1.66666662693024,2,5,0,1,1.02777779102325,0,1.03789758682251,3,4,522
"1762",2,0,0,1,4.33333349227905,3,4.66666650772095,0,0,1,0,1.03789758682251,3,4,1026
"1763",2,0,0,1,2.66666674613953,2.33333325386047,5,1,0,1.00680267810822,0,1.03789758682251,3,4,253
"1764",2,0,0,1,2.66666674613953,2.33333325386047,5,1,1,1,0,1.03789758682251,3,1,1397
"1765",2,0,0,1,4,3.33333325386047,4.33333349227905,1,1,0.961038947105408,0,1.03789758682251,3,4,260
"1766",2,0,0,1,2.33333325386047,2.33333325386047,3.66666674613953,1,1,1,0,1.03789758682251,3,4,455
"1767",1,0,0,1,4,3,5,1,0,0.930232584476471,0,1.03789758682251,3,4,280
"1768",3,0,0,1,2.33333325386047,2.33333325386047,5,0,0,0.986666679382324,0,1.03789758682251,3,4,264
"1769",2,0,0,1,3.33333325386047,4,3,1,1,0.980132460594177,0,1.03789758682251,3,4,143
"1770",2,0,0,1,1.33333337306976,1.66666662693024,5,0,1,1.23333334922791,0,1.03789758682251,3,4,675
"1771",1,1,0,1,3,2.66666674613953,5,0,1,1.06666672229767,0,1.03789758682251,3,1,660
"1772",1,0,0,1,4.66666650772095,3,5,0,1,1.07317066192627,0,1.03789758682251,3,4,186
"1773",2,0,0,1,3.33333325386047,3.66666674613953,4.33333349227905,0,0,1.03496503829956,0,1.03789758682251,3,4,32
"1774",1,1,0,1,4.33333349227905,3.33333325386047,5,0,1,0.942675173282623,0,1.03789758682251,3,4,34
"1775",1,1,0,1,1,1.66666662693024,5,1,0,1.11278200149536,0,1.03789758682251,3,4,495
"1776",3,0,0,1,4,3,5,0,1,1.06666672229767,0,1.03789758682251,3,4,189
"1777",1,0,0,1,1.66666662693024,1.66666662693024,5,0,0,1.05714285373688,0,1.03789758682251,3,4,716
"1778",3,0,0,1,2,2,5,1,0,1.60000002384186,0,1.03789758682251,3,1,961
"1779",2,0,0,1,1.33333337306976,1.66666662693024,5,0,0,1.05714285373688,0,1.03789758682251,3,4,54
"1780",1,0,0,1,2.66666674613953,2.33333325386047,5,0,0,1.01910829544067,0,1.03789758682251,3,1,1369
"1781",1,1,0,1,3.33333325386047,2.66666674613953,5,0,1,0.961038947105408,0,1.03789758682251,3,4,1056
"1782",1,0,0,1,3.33333325386047,2.33333325386047,4,1,0,1.03496503829956,0,1.03789758682251,3,4,40
"1783",2,0,0,1,2.33333325386047,2.33333325386047,5,0,1,0.942857146263123,0,1.03789758682251,3,4,798
"1784",1,0,0,1,3,2.66666674613953,5,1,1,1.14285719394684,0,1.03789758682251,3,4,242
"1785",1,0,0,1,3,2.33333325386047,5,0,0,1.02777779102325,0,1.03789758682251,3,1,1332
"1786",3,0,0,1,2,2.33333325386047,5,1,0,0.961038947105408,0,1.03789758682251,3,4,994
"1787",3,0,0,1,2,1.66666662693024,5,0,1,0.961038947105408,0,1.03789758682251,3,4,12
"1788",1,0,0,1,3.66666674613953,3,4.66666650772095,1,1,1.00680267810822,0,1.03789758682251,3,4,741
"1789",3,0,0,1,1.33333337306976,2,5,0,0,1.00680267810822,0,1.03789758682251,3,4,20
"1790",3,1,0,1,3,2.33333325386047,5,0,1,1.1444479227066,0,1.03789758682251,3,4,241
"1791",1,1,0,1,4,3,5,0,1,1.06451606750488,0,1.03789758682251,3,4,236
"1792",2,0,0,1,3.66666674613953,3,5,0,0,0.995158672332764,0,1.03789758682251,3,4,91
"1793",1,0,0,1,3.66666674613953,3.33333325386047,3,1,1,0.970588207244873,0,1.03789758682251,3,4,1249
"1794",2,0,0,1,1.33333337306976,1.66666662693024,5,1,1,1.03496503829956,0,1.03789758682251,3,4,214
"1795",3,1,0,1,2.33333325386047,2.33333325386047,5,0,0,0.961038947105408,0,1.03789758682251,3,4,757
"1796",2,0,0,1,1.66666662693024,1.66666662693024,5,0,1,1,0,1.03789758682251,3,1,1130
"1797",3,0,0,1,2,2.66666674613953,3.33333325386047,1,1,0.942675173282623,0,1.03789758682251,3,4,634
"1798",2,0,NA,NA,3,2.33333325386047,4.33333349227905,1,1,0.961038947105408,0,1.0251145362854,NA,2,1307
"1799",1,0,NA,NA,2,3,4,1,1,NA,0,1.0251145362854,NA,2,1191
"1800",2,0,NA,NA,1,1.66666662693024,4.66666650772095,0,0,1.03496503829956,0,1.0251145362854,NA,2,851
"1801",3,0,NA,NA,1.66666662693024,2,5,1,1,0.97560977935791,0,1.0251145362854,NA,2,1435
"1802",1,0,NA,NA,1.33333337306976,2,5,1,0,NA,0,1.0251145362854,NA,1,1132
"1803",2,0,NA,NA,4.33333349227905,3.33333325386047,4,1,1,1.07700598239899,0,1.0251145362854,NA,1,881
"1804",1,1,NA,NA,2,2,5,0,0,0.79062956571579,0,1.0251145362854,NA,2,1177
"1805",1,0,NA,NA,1,1.66666662693024,5,0,0,1.03092777729034,0,1.0251145362854,NA,2,369
"1806",1,1,NA,NA,3.66666674613953,2.33333325386047,5,1,0,1.13346552848816,0,1.0251145362854,NA,2,313
"1807",2,0,NA,NA,2,2,4,1,0,0.961038947105408,0,1.0251145362854,NA,2,1264
"1808",2,0,NA,NA,4,3.33333325386047,5,1,1,1.28155338764191,0,1.0251145362854,NA,2,271
"1809",1,1,NA,NA,3.66666674613953,3,5,1,1,1.03896105289459,0,1.0251145362854,NA,1,1029
"1810",2,0,NA,NA,5,4,4,1,1,1.01910829544067,0,1.0251145362854,NA,2,612
"1811",1,0,NA,NA,4,4,4,1,1,0.942675173282623,0,1.0251145362854,NA,1,856
"1812",2,0,NA,NA,1.33333337306976,1.66666662693024,5,1,1,0.969855844974518,0,1.0251145362854,NA,2,1381
"1813",1,0,NA,NA,1.66666662693024,2.33333325386047,3,1,0,0.879999995231628,0,1.0251145362854,NA,1,1135
"1814",2,0,NA,NA,3.33333325386047,4,3.33333325386047,1,1,1.06666672229767,0,1.0251145362854,NA,1,995
"1815",2,1,NA,NA,5,2.33333325386047,5,0,1,1.06382977962494,0,1.0251145362854,NA,2,172
"1816",1,0,NA,NA,4.66666650772095,3.66666674613953,4.66666650772095,0,0,1,0,1.0251145362854,NA,2,1244
"1817",3,0,NA,NA,3.66666674613953,4,2.33333325386047,0,1,NA,0,1.0251145362854,NA,1,454
"1818",1,0,NA,NA,2.66666674613953,2.33333325386047,5,1,1,NA,0,1.0251145362854,NA,1,374
"1819",3,0,NA,NA,4.33333349227905,3.33333325386047,4.66666650772095,1,1,1.12820506095886,0,1.0251145362854,NA,2,304
"1820",2,0,NA,NA,4.66666650772095,4,4,1,1,0.956814050674438,0,1.0251145362854,NA,1,965
"1821",1,0,NA,NA,3.33333325386047,3.33333325386047,4,1,1,1,0,1.0251145362854,NA,2,1175
"1822",1,0,NA,NA,4.66666650772095,4,4.33333349227905,1,1,1.03896105289459,0,1.0251145362854,NA,1,1084
"1823",1,1,NA,NA,2.33333325386047,2.33333325386047,4,1,1,1.08843541145325,0,1.0251145362854,NA,2,589
"1824",2,0,NA,NA,3,2.66666674613953,4.66666650772095,1,0,1.09080994129181,0,1.0251145362854,NA,2,617
"1825",1,0,NA,NA,2.66666674613953,2.33333325386047,5,1,0,1.01910829544067,0,1.0251145362854,NA,2,1279
"1826",2,0,NA,NA,3,2.66666674613953,5,1,1,1.05714285373688,0,1.0251145362854,NA,2,731
"1827",1,1,NA,NA,3.33333325386047,3.66666674613953,3.33333325386047,1,1,1.06241703033447,0,1.0251145362854,NA,2,433
"1828",2,0,NA,NA,2.66666674613953,2,5,1,0,1.00886583328247,0,1.0251145362854,NA,2,604
"1829",1,1,0,0,2.66666674613953,2.33333325386047,5,0,0,1,1,1.01336681842804,1,4,1061
"1830",2,0,0,0,3.66666674613953,2.66666674613953,5,0,1,1.02097129821777,1,1.01336681842804,1,4,1081
"1831",3,0,0,0,3.33333325386047,4,4,0,1,0.902255654335022,1,1.01336681842804,1,4,1421
"1832",1,0,0,0,3.66666674613953,4,4.33333349227905,0,1,1.04575169086456,1,1.01336681842804,1,4,988
"1833",1,0,0,0,4,3.33333325386047,4,1,1,1.03653800487518,1,1.01336681842804,1,4,944
"1834",2,0,0,0,2.33333325386047,2.33333325386047,3.66666674613953,0,1,1.06321835517883,1,1.01336681842804,1,4,654
"1835",1,0,0,0,1.66666662693024,2.33333325386047,3,0,1,0.963503658771515,1,1.01336681842804,1,1,822
"1836",2,0,0,0,1.33333337306976,2,4,0,1,1.08029198646545,1,1.01336681842804,1,4,822
"1837",1,0,0,0,2.66666674613953,3,4,1,0,1.08823525905609,1,1.01336681842804,1,4,1352
"1838",2,1,0,0,2.33333325386047,2,3.33333325386047,0,1,0.818107426166534,1,1.01336681842804,1,3,732
"1839",3,0,0,0,2,2.33333325386047,5,1,1,0.942675173282623,1,1.01336681842804,1,4,529
"1840",2,0,0,0,1.66666662693024,2,5,0,1,1,1,1.01336681842804,1,4,1126
"1841",3,0,0,0,2.33333325386047,2.33333325386047,3,1,1,1,1,1.01336681842804,1,1,558
"1842",3,1,0,0,4.33333349227905,3.33333325386047,5,1,0,1.02777779102325,1,1.01336681842804,1,4,545
"1843",1,0,0,0,4.33333349227905,2.66666674613953,4.66666650772095,1,1,1.02777779102325,1,1.01336681842804,1,4,1017
"1844",3,0,0,0,4,2.66666674613953,4.66666650772095,1,1,0.948717951774597,1,1.01336681842804,1,4,1148
"1845",1,0,0,0,2.33333325386047,3.33333325386047,4,1,1,1.01910829544067,1,1.01336681842804,1,4,423
"1846",3,0,0,0,4.66666650772095,3,5,1,1,1.02564108371735,1,1.01336681842804,1,1,1148
"1847",2,0,0,0,3.33333325386047,3.33333325386047,5,1,1,1.01703536510468,1,1.01336681842804,1,4,919
"1848",1,0,0,0,2.66666674613953,2.33333325386047,4.66666650772095,1,1,1.05876123905182,1,1.01336681842804,1,4,339
"1849",1,1,0,0,3,2.33333325386047,5,0,0,1.11888110637665,1,1.01336681842804,1,1,751
"1850",3,0,0,0,3,3.66666674613953,5,1,1,1.11888110637665,1,1.01336681842804,1,4,420
"1851",1,0,0,0,3.33333325386047,3.33333325386047,2.33333325386047,1,1,0.961038947105408,1,1.01336681842804,1,4,1010
"1852",2,0,0,0,3.66666674613953,2.66666674613953,5,1,0,1.02354145050049,1,1.01336681842804,1,3,989
"1853",1,1,0,0,2,2.33333325386047,5,0,1,0.816326558589935,1,1.01336681842804,1,3,1313
"1854",2,1,0,0,4.33333349227905,2.66666674613953,5,0,1,1.01910829544067,1,1.01336681842804,1,1,759
"1855",2,0,0,0,1.66666662693024,2,5,1,1,0.942675173282623,1,1.01336681842804,1,4,1403
"1856",3,1,0,0,3.33333325386047,2.66666674613953,5,1,1,1.15625,1,1.01336681842804,1,3,834
"1857",1,0,0,0,4.33333349227905,4.33333349227905,3.66666674613953,1,1,0.907091796398163,1,1.01336681842804,1,1,779
"1858",2,0,0,0,2.66666674613953,2.33333325386047,5,0,0,1.1297709941864,1,1.01336681842804,1,1,389
"1859",2,0,0,0,2.66666674613953,2.33333325386047,5,1,0,1.06666672229767,1,1.01336681842804,1,4,291
"1860",1,1,0,0,1.66666662693024,2,5,0,0,0.951646089553833,1,1.01336681842804,1,3,1229
"1861",2,0,0,0,1.33333337306976,2,5,1,1,1.14285719394684,1,1.01336681842804,1,4,1367
"1862",1,0,0,0,4.66666650772095,3,5,1,1,1,1,1.0440319776535,1,1,1378
"1863",3,0,0,0,3.66666674613953,2.33333325386047,5,1,0,1,1,1.0440319776535,1,1,211
"1864",2,1,0,0,1.66666662693024,2.33333325386047,3,1,1,1.20325207710266,1,1.0440319776535,1,3,778
"1865",1,0,0,0,4,4.33333349227905,3,1,1,1.01910829544067,1,1.0440319776535,1,3,519
"1866",1,0,0,0,3.33333325386047,3.33333325386047,3,1,1,0.992481172084808,1,1.0440319776535,1,3,676
"1867",3,0,0,0,4.33333349227905,3,5,0,1,1.11888110637665,1,1.0440319776535,1,1,1421
"1868",3,0,0,0,2,2,5,1,0,1.13207542896271,1,1.0440319776535,1,3,559
"1869",1,0,0,0,3.66666674613953,3,5,1,0,1,1,1.0440319776535,1,3,387
"1870",3,0,0,0,3.33333325386047,2.33333325386047,5,0,1,1.01910829544067,1,1.0440319776535,1,3,159
"1871",2,1,0,0,2.33333325386047,1.66666662693024,5,0,1,1,1,1.0440319776535,1,3,759
"1872",1,0,0,0,2.33333325386047,2.33333325386047,4.66666650772095,1,1,1.08029198646545,1,1.0440319776535,1,3,1399
"1873",2,0,0,0,2.66666674613953,2.33333325386047,5,1,0,0.963503658771515,1,1.0440319776535,1,3,512
"1874",1,0,0,0,1.33333337306976,1.66666662693024,4.66666650772095,1,0,1.09589040279388,1,1.0440319776535,1,3,805
"1875",2,0,0,0,1.66666662693024,2.33333325386047,3,0,0,1.04575169086456,1,1.0440319776535,1,3,788
"1876",2,0,0,0,3.66666674613953,2.66666674613953,4.66666650772095,1,1,1,1,1.0440319776535,1,3,1375
"1877",2,0,0,0,3,2,5,0,0,1.17647063732147,1,1.0440319776535,1,1,389
"1878",1,0,0,0,4.33333349227905,4.33333349227905,3.66666674613953,1,1,1.01522839069366,1,1.0440319776535,1,3,463
"1879",1,0,0,0,2.33333325386047,2.33333325386047,5,1,0,1.16535437107086,1,1.0440319776535,1,3,713
"1880",1,0,0,0,1.66666662693024,2,4,1,0,1.06194686889648,1,1.0440319776535,1,3,273
"1881",3,0,0,0,1.33333337306976,1.66666662693024,3.66666674613953,1,1,1.00680267810822,1,1.0440319776535,1,3,517
"1882",3,0,0,0,1.66666662693024,1.66666662693024,5,0,0,1.02777779102325,1,1.0440319776535,1,3,1417
"1883",2,0,0,0,1.33333337306976,2,5,1,1,1.01910829544067,1,1.0440319776535,1,3,1273
"1884",1,0,0,0,3.33333325386047,3.33333325386047,4,1,1,0.942675173282623,1,1.0440319776535,1,3,529
"1885",2,0,0,0,1.66666662693024,2.66666674613953,1.33333337306976,1,0,1.01910829544067,1,1.0440319776535,1,3,699
"1886",2,0,0,0,2.66666674613953,1.66666662693024,5,0,0,1.01910829544067,1,1.0440319776535,1,1,166
"1887",2,0,0,0,2.66666674613953,2.33333325386047,5,1,0,1,1,1.0440319776535,1,3,1092
"1888",1,0,0,0,4.66666650772095,3,5,1,0,1.04575169086456,1,1.0440319776535,1,3,910
"1889",2,0,0,0,2,2,5,0,1,1.06321835517883,1,1.0440319776535,1,3,654
"1890",1,0,0,0,4,3,5,1,1,0.942675173282623,0,0.995226383209229,3,2,619
"1891",1,0,0,0,3,2.66666674613953,5,1,1,1,0,0.995226383209229,3,3,870
"1892",2,1,0,0,3,2.66666674613953,5,1,1,0.973684251308441,0,0.995226383209229,3,3,598
"1893",2,0,0,0,4.66666650772095,2.66666674613953,4,1,1,1.02564108371735,0,0.995226383209229,3,3,1208
"1894",3,0,0,0,4.33333349227905,3,5,1,1,1.01910829544067,0,0.995226383209229,3,3,1100
"1895",1,0,0,0,2.66666674613953,2.66666674613953,5,1,0,1,0,0.995226383209229,3,1,1182
"1896",3,0,0,0,4.33333349227905,3.33333325386047,4.33333349227905,1,0,1.02777779102325,0,0.995226383209229,3,3,986
"1897",2,0,0,0,3.66666674613953,2.66666674613953,5,0,1,0.923076927661896,0,0.995226383209229,3,2,1075
"1898",1,0,0,0,4,3,5,1,1,1.04575169086456,0,0.995226383209229,3,3,124
"1899",3,0,0,0,2,2,4.66666650772095,1,1,0.879999995231628,0,0.995226383209229,3,2,681
"1900",2,0,0,0,3.33333325386047,3,5,1,0,1,0,0.995226383209229,3,1,1163
"1901",1,0,0,0,3.33333325386047,2.33333325386047,5,1,0,1,0,0.995226383209229,3,3,1182
"1902",2,0,0,0,4.66666650772095,3,4.66666650772095,1,1,1.08029198646545,0,0.995226383209229,3,3,865
"1903",3,0,0,0,3.33333325386047,4,3.66666674613953,1,1,1.05263161659241,0,0.995226383209229,3,1,1169
"1904",2,0,0,0,4,3,5,1,1,1,0,0.995226383209229,3,3,1180
"1905",3,0,0,0,2.66666674613953,2.33333325386047,5,1,0,1.11278200149536,0,0.995226383209229,3,2,850
"1906",2,0,0,0,2.66666674613953,2.66666674613953,4.66666650772095,1,0,0.916666626930237,0,0.995226383209229,3,3,828
"1907",2,0,0,0,3.33333325386047,2.66666674613953,5,1,1,1.02197241783142,0,0.995226383209229,3,1,1371
"1908",1,1,0,0,4,3,4.33333349227905,1,1,1.06185293197632,0,0.995226383209229,3,2,754
"1909",2,0,0,0,5,3.33333325386047,5,1,1,0.862745106220245,0,0.995226383209229,3,3,1059
"1910",1,0,0,0,1.66666662693024,2,5,1,1,0.916666626930237,0,0.995226383209229,3,3,1345
"1911",2,0,0,0,4,2.33333325386047,5,1,1,0.980132460594177,0,0.995226383209229,3,2,727
"1912",1,0,0,0,5,3.33333325386047,5,1,0,0.942675173282623,0,0.995226383209229,3,3,910
"1913",1,0,0,0,1.66666662693024,1.66666662693024,3,1,0,1.01910829544067,0,0.995226383209229,3,2,863
"1914",3,0,0,0,4,3.66666674613953,5,1,1,1.00401604175568,0,0.995226383209229,3,3,954
"1915",2,0,0,0,1,1.66666662693024,5,1,1,0.961038947105408,0,0.995226383209229,3,3,1010
"1916",2,0,0,0,5,2.66666674613953,5,0,1,1.08029198646545,0,0.995226383209229,3,2,1070
"1917",2,0,0,0,4,2.66666674613953,5,1,1,0.9453244805336,0,0.995226383209229,3,2,1048
"1918",2,0,0,0,4,2.66666674613953,5,1,1,1.03496503829956,0,0.995226383209229,3,2,711
"1919",1,0,0,0,1.33333337306976,2,5,1,1,1.06451606750488,0,0.995226383209229,3,2,422
"1920",2,0,0,0,5,2.66666674613953,5,1,0,1,0,0.995226383209229,3,2,1151
"1921",1,0,0,0,2.33333325386047,2,4,1,1,1.00680267810822,0,0.995226383209229,3,2,991
"1922",1,0,0,0,4.33333349227905,3,5,1,1,1.01910829544067,0,0.995226383209229,3,2,1238
"1923",3,0,0,0,4.33333349227905,2.66666674613953,5,1,1,0.879999995231628,0,0.995226383209229,3,3,632
"1924",3,0,0,0,4.33333349227905,2.66666674613953,5,1,1,0.866300880908966,0,0.995226383209229,3,2,889
"1925",3,0,0,0,4.33333349227905,3.33333325386047,5,1,1,1.11111116409302,0,0.995226383209229,3,2,455
"1926",1,0,0,0,3.66666674613953,2.66666674613953,5,0,1,1.04465913772583,0,0.995226383209229,3,1,1225
"1927",1,0,0,0,4.33333349227905,3.33333325386047,5,0,1,0.973684251308441,0,1.01097273826599,3,2,514
"1928",2,1,0,0,2.33333325386047,2,5,0,1,0.841566026210785,0,1.01097273826599,3,2,746
"1929",3,0,0,0,4.66666650772095,4.66666650772095,4,0,0,1.03728628158569,0,1.01097273826599,3,1,807
"1930",2,0,0,0,4,4,3.66666674613953,1,1,1.16504859924316,0,1.01097273826599,3,2,271
"1931",3,1,0,0,1.33333337306976,1.66666662693024,4.66666650772095,0,0,0.973684251308441,0,1.01097273826599,3,2,585
"1932",1,1,0,0,3.33333325386047,2.66666674613953,5,0,1,0.967741906642914,0,1.01097273826599,3,2,236
"1933",1,0,0,0,2.33333325386047,2.33333325386047,5,1,1,1.1083402633667,0,1.01097273826599,3,1,1371
"1934",1,0,0,0,1.33333337306976,1.66666662693024,5,1,0,1.14285719394684,0,1.01097273826599,3,2,614
"1935",2,0,0,0,2.33333325386047,2,5,1,1,1.11888110637665,0,1.01097273826599,3,2,175
"1936",1,0,0,0,4.33333349227905,3,5,1,1,0.897959172725677,0,1.01097273826599,3,2,169
"1937",3,0,0,0,2.33333325386047,1.66666662693024,4.66666650772095,0,1,1.16535437107086,0,1.01097273826599,3,2,350
"1938",1,0,0,0,2.33333325386047,2,4.66666650772095,1,1,1.02040815353394,0,1.01097273826599,3,1,1169
"1939",1,1,0,0,4.33333349227905,3,5,0,0,0.948717951774597,0,1.01097273826599,3,1,1259
"1940",2,0,0,0,2.33333325386047,2,5,1,1,0.960698664188385,0,1.01097273826599,3,2,52
"1941",2,0,0,0,3,2.33333325386047,5,1,0,1,0,1.01097273826599,3,1,1182
"1942",3,1,0,0,3,2.66666674613953,5,1,1,0.958797633647919,0,1.01097273826599,3,2,116
"1943",3,1,0,0,4.66666650772095,3.33333325386047,5,0,1,1,0,1.01097273826599,3,1,1189
"1944",2,1,0,0,2,2,5,0,0,1,0,1.01097273826599,3,2,458
"1945",2,0,0,0,3,2.33333325386047,5,1,0,1.1214953660965,0,1.01097273826599,3,2,772
"1946",2,0,0,0,4,4,4,1,0,1.02564108371735,0,1.01097273826599,3,1,1146
"1947",1,0,0,0,3,2.33333325386047,4.33333349227905,1,1,1.11278200149536,0,1.01097273826599,3,2,676
"1948",2,0,0,0,3.66666674613953,2.66666674613953,5,1,0,1.00543475151062,0,1.01097273826599,3,1,986
"1949",2,0,0,0,4.66666650772095,4.33333349227905,3.66666674613953,0,1,1,0,1.01097273826599,3,1,1225
"1950",3,0,0,0,2.66666674613953,2.66666674613953,5,1,0,1,0,1.01097273826599,3,1,1182
"1951",2,0,0,0,1.33333337306976,1.66666662693024,4.66666650772095,1,1,0.868421018123627,0,1.01097273826599,3,1,1345
"1952",1,0,0,0,3,2.33333325386047,5,1,1,1,0,1.01097273826599,3,1,1208
"1953",3,0,0,0,1,1.66666662693024,5,1,1,1,0,1.01097273826599,3,2,528
"1954",3,0,0,0,3.33333325386047,2.33333325386047,5,1,1,1,0,1.01097273826599,3,2,619
"1955",1,0,0,0,3.66666674613953,3.33333325386047,4,0,1,1,0,1.01097273826599,3,1,1170
"1956",2,0,0,0,3,3.66666674613953,4,1,1,0.914380729198456,0,1.01097273826599,3,1,1371
"1957",1,1,1,0,4,2.33333325386047,5,0,1,1.05714285373688,0,0.94821298122406,1,2,1064
"1958",2,0,1,0,3,2.66666674613953,5,0,1,1.01910829544067,0,0.94821298122406,1,4,386
"1959",2,0,1,0,2.66666674613953,2.66666674613953,5,0,0,0.758001148700714,0,0.94821298122406,1,4,479
"1960",1,0,1,0,2.66666674613953,2.33333325386047,5,1,1,1,0,0.94821298122406,1,4,679
"1961",1,0,1,0,4,2.66666674613953,5,1,1,0.963290810585022,0,0.94821298122406,1,4,578
"1962",3,1,1,0,2,2.33333325386047,5,1,1,0.75,0,0.94821298122406,1,4,743
"1963",3,1,1,0,5,3.66666674613953,5,0,1,1.10436224937439,0,0.94821298122406,1,2,911
"1964",3,0,1,0,3.66666674613953,3.33333325386047,5,1,1,1.01910829544067,0,0.94821298122406,1,4,472
"1965",3,0,1,0,2.66666674613953,2.33333325386047,5,1,1,1.06666672229767,0,0.94821298122406,1,4,528
"1966",1,0,1,0,4.66666650772095,3.33333325386047,5,0,0,1.11512959003448,0,0.94821298122406,1,4,686
"1967",1,0,1,0,4.33333349227905,2.66666674613953,4.66666650772095,1,0,1.03977119922638,0,0.94821298122406,1,2,1033
"1968",3,0,1,0,4,3,5,1,1,1,0,0.94821298122406,1,4,412
"1969",2,1,1,0,4.33333349227905,3.66666674613953,5,0,1,1.02097129821777,0,0.94821298122406,1,4,761
"1970",1,0,1,0,2.33333325386047,2.33333325386047,5,0,1,0.984042584896088,0,0.94821298122406,1,2,1096
"1971",1,0,1,0,4.33333349227905,4,4.33333349227905,1,1,1.03653800487518,0,0.94821298122406,1,2,944
"1972",3,1,1,0,1.33333337306976,1.66666662693024,5,1,1,0.857142865657806,0,0.94821298122406,1,1,1127
"1973",2,0,1,0,2,1.66666662693024,5,1,1,1.11111116409302,0,0.94821298122406,1,2,1076
"1974",2,0,1,0,3.33333325386047,2.66666674613953,5,0,0,1.09589040279388,0,0.94821298122406,1,4,442
"1975",2,1,1,0,3.66666674613953,2.66666674613953,4.66666650772095,0,1,0.942675173282623,0,0.94821298122406,1,4,1069
"1976",2,0,1,0,2.66666674613953,2.66666674613953,5,1,1,0.820170104503632,0,0.94821298122406,1,2,1107
"1977",2,0,1,0,4.33333349227905,2.66666674613953,5,1,1,0.788321197032928,0,0.94821298122406,1,4,865
"1978",3,0,1,0,2.33333325386047,2.33333325386047,4.66666650772095,1,1,0.953608274459839,0,0.94821298122406,1,4,1053
"1979",1,1,1,0,3.66666674613953,1.66666662693024,5,0,1,1.03896105289459,0,0.94821298122406,1,2,907
"1980",1,0,1,0,2.66666674613953,2.66666674613953,5,1,0,1,0,0.94821298122406,1,2,1337
"1981",2,0,1,0,4.33333349227905,3,5,1,1,0.986666679382324,0,0.94821298122406,1,4,730
"1982",1,0,1,0,3.66666674613953,3.33333325386047,5,1,0,1.00182151794434,0,0.94821298122406,1,4,784
"1983",3,0,1,0,2,2,5,0,0,0.986666679382324,0,0.94821298122406,1,4,788
"1984",2,1,1,0,4.33333349227905,3.33333325386047,5,1,1,0.691729307174683,0,0.94821298122406,1,4,998
"1985",2,0,1,0,3.33333325386047,3.66666674613953,4,1,0,0.850099205970764,0,0.94821298122406,1,4,504
"1986",1,1,1,0,3.33333325386047,3,5,0,1,0.643356621265411,0,0.94821298122406,1,4,408
"1987",2,0,1,0,2,2.66666674613953,5,1,0,1.01910829544067,0,0.94821298122406,1,2,960
"1988",3,0,1,0,4,3,5,0,1,1.10375273227692,0,0.94821298122406,1,2,1081
"1989",2,0,1,0,2,2,5,0,0,1,0,0.94821298122406,1,2,1063
"1990",2,0,1,0,4,2.66666674613953,5,1,0,1.08843541145325,0,0.94821298122406,1,2,1316
"1991",3,1,1,0,3.33333325386047,1.66666662693024,5,0,1,0.980132460594177,0,0.94821298122406,1,2,885
"1992",1,1,1,0,4.33333349227905,3,5,0,1,0.607164561748505,0,0.94821298122406,1,4,709
"1993",1,0,1,0,2.33333325386047,1.66666662693024,5,1,1,1.04575169086456,0,0.94821298122406,1,2,1341
"1994",3,0,1,0,2.33333325386047,2.66666674613953,4,1,0,0.724409461021423,0,0.94821298122406,1,4,705
"1995",2,1,1,0,2.33333325386047,2.33333325386047,5,0,0,1.2030074596405,0,0.94821298122406,1,2,935
"1996",1,0,1,0,3.33333325386047,2.33333325386047,5,1,0,0.871839582920074,0,0.94821298122406,1,4,702
"1997",1,1,1,0,1,1.66666662693024,3,0,0,0.629722893238068,0,0.94821298122406,1,1,1318
"1998",1,0,1,0,2.33333325386047,2,5,0,0,1.01703536510468,0,0.94821298122406,1,4,556
"1999",2,0,1,0,4.33333349227905,4,3.33333325386047,1,0,1,0,0.94821298122406,1,2,844
"2000",2,1,1,0,3.33333325386047,3,5,0,1,0.862745106220245,0,0.94821298122406,1,4,756
"2001",1,0,1,0,4.33333349227905,3.33333325386047,5,1,1,0.841042876243591,0,0.94821298122406,1,4,912
"2002",2,0,1,0,3,3.33333325386047,4.66666650772095,1,1,0.897959172725677,0,0.94821298122406,1,4,646
"2003",3,0,1,0,3,2.33333325386047,5,1,1,0.916666626930237,0,0.94821298122406,1,4,668
"2004",1,0,1,0,1,1.66666662693024,5,1,1,1.04575169086456,0,0.94821298122406,1,1,1283
"2005",2,1,1,0,1.66666662693024,1.66666662693024,5,0,0,1.02880656719208,0,0.94821298122406,1,1,1229
"2006",1,0,1,0,5,3.33333325386047,4.66666650772095,1,1,0.923076927661896,0,0.94821298122406,1,4,869
"2007",1,0,1,0,1.66666662693024,2,5,0,0,0.850099205970764,0,0.94821298122406,1,4,609
"2008",2,1,1,0,2,1.66666662693024,5,0,1,0.388349503278732,0,0.931116044521332,1,4,959
"2009",3,0,1,0,4.33333349227905,3,4,0,1,0.97560977935791,0,0.931116044521332,1,4,186
"2010",3,1,1,0,1.33333337306976,1.66666662693024,4.33333349227905,0,0,0.730158686637878,0,0.931116044521332,1,4,546
"2011",1,0,1,0,1.66666662693024,2.33333325386047,3,0,0,1.1444479227066,0,0.931116044521332,1,4,49
"2012",3,0,1,0,1,1.66666662693024,5,0,1,0.879999995231628,0,0.931116044521332,1,4,796
"2013",1,0,1,0,1.33333337306976,1.66666662693024,5,1,0,0.900090038776398,0,0.931116044521332,1,4,1411
"2014",2,0,1,0,3.33333325386047,2.66666674613953,5,1,0,1.04575169086456,0,0.931116044521332,1,4,227
"2015",2,1,1,0,3,1.66666662693024,5,0,1,0.800000011920929,0,0.931116044521332,1,4,467
"2016",3,1,1,0,1,1.66666662693024,5,1,0,1,0,0.931116044521332,1,4,1
"2017",3,0,1,0,3,2.33333325386047,4.66666650772095,0,1,1.02777779102325,0,0.931116044521332,1,4,750
"2018",2,1,1,0,2.66666674613953,2.33333325386047,5,0,1,1.06666672229767,0,0.931116044521332,1,4,141
"2019",1,0,1,0,2.66666674613953,1.66666662693024,5,1,0,0.961038947105408,0,0.931116044521332,1,4,718
"2020",3,0,1,0,3.33333325386047,2,5,1,1,1,0,0.931116044521332,1,4,208
"2021",1,0,1,0,3.66666674613953,1.66666662693024,5,1,1,0.850393712520599,0,0.931116044521332,1,4,127
"2022",1,0,1,0,2.66666674613953,2.33333325386047,5,1,1,0.354107648134232,0,0.931116044521332,1,4,154
"2023",3,0,1,0,4.66666650772095,2,5,1,1,0.77142858505249,0,0.931116044521332,1,4,284
"2024",3,0,1,0,1.66666662693024,2.33333325386047,5,1,1,0.788321197032928,0,0.931116044521332,1,4,734
"2025",1,1,1,0,2.33333325386047,1.66666662693024,5,0,0,0.850393712520599,0,0.931116044521332,1,4,373
"2026",3,0,1,0,2.66666674613953,1.66666662693024,5,1,0,0.942675173282623,0,0.931116044521332,1,4,735
"2027",2,0,1,0,4,3,5,1,1,0.879999995231628,0,0.931116044521332,1,4,1407
"2028",1,1,1,0,1,1.66666662693024,5,0,0,1.01538455486298,0,0.931116044521332,1,4,548
"2029",3,0,1,0,2.33333325386047,1.66666662693024,5,0,1,0.939086318016052,0,0.931116044521332,1,4,58
"2030",3,0,1,0,2,2,5,0,1,0.691084980964661,0,0.931116044521332,1,4,720
"2031",3,1,1,0,2,1.66666662693024,5,0,1,1.01538455486298,0,0.931116044521332,1,4,320
"2032",3,0,1,0,3.33333325386047,1.66666662693024,5,0,0,1.06666672229767,0,0.931116044521332,1,4,267
"2033",2,1,1,0,3.66666674613953,1.66666662693024,5,0,1,0.645161271095276,0,0.931116044521332,1,4,797
"2034",2,0,1,0,5,2,5,0,1,1,0,0.931116044521332,1,4,151
"2035",1,1,1,0,4.66666650772095,2,5,1,0,1,0,0.931116044521332,1,4,224
"2036",1,1,1,0,3,2.66666674613953,5,0,1,0.704225301742554,0,0.931116044521332,1,4,543
"2037",2,1,1,0,3.33333325386047,1.66666662693024,5,0,1,0.724409461021423,0,0.931116044521332,1,4,752
"2038",1,0,1,0,4.33333349227905,3.33333325386047,5,1,0,0.961038947105408,0,0.931116044521332,1,4,409
"2039",2,1,1,0,1.33333337306976,1.66666662693024,5,0,1,0.882352948188782,0,0.931116044521332,1,4,537
"2040",3,0,1,0,2.66666674613953,1.66666662693024,5,0,1,0.961038947105408,0,0.931116044521332,1,4,395
"2041",1,0,1,0,2.66666674613953,2,4.66666650772095,1,1,0.980132460594177,0,0.931116044521332,1,4,143
"2042",1,1,1,0,2,1.66666662693024,5,0,0,1.19402980804443,0,0.931116044521332,1,4,312
"2043",1,0,1,0,3,2.33333325386047,5,1,1,1.03896105289459,0,0.931116044521332,1,4,252
"2044",3,0,1,0,2.33333325386047,1.66666662693024,5,1,0,1.05714285373688,0,0.931116044521332,1,4,614
"2045",1,0,1,0,1.66666662693024,2.33333325386047,3,1,1,0.923076927661896,0,0.931116044521332,1,4,367
"2046",3,0,1,0,2,2,5,1,1,1.10000002384186,0,0.931116044521332,1,4,775
"2047",3,0,1,0,2,2,5,1,1,0.961038947105408,0,0.931116044521332,1,4,736
"2048",2,0,1,0,3.66666674613953,3,5,0,1,1.01538455486298,0,0.931116044521332,1,4,147
"2049",2,0,1,0,3,2.66666674613953,5,1,1,0.875912427902222,0,0.931116044521332,1,4,707
"2050",1,0,1,0,5,2.66666674613953,5,1,1,1,0,0.931116044521332,1,4,1305
"2051",2,1,1,0,2.33333325386047,2.33333325386047,5,1,0,0.991735517978668,0,0.931116044521332,1,4,340
"2052",2,0,1,0,3.66666674613953,1.66666662693024,5,1,1,0.77142858505249,0,0.931116044521332,1,4,765
"2053",1,0,1,0,4,3.33333325386047,5,1,1,1,0,0.931116044521332,1,4,575
"2054",2,0,1,0,4.33333349227905,2.66666674613953,5,0,1,1,0,0.931116044521332,1,4,165
"2055",2,0,1,0,4.33333349227905,2,5,0,1,1.00680267810822,0,0.931116044521332,1,4,119
"2056",3,0,1,0,3.33333325386047,2.33333325386047,5,0,1,0.830769240856171,0,0.931116044521332,1,4,94
"2057",1,1,1,0,3.66666674613953,2,5,0,1,1.06666672229767,0,0.931116044521332,1,4,533
"2058",2,1,1,0,3.66666674613953,1.66666662693024,5,1,0,1.09080994129181,0,0.931116044521332,1,4,311
"2059",1,0,1,0,4.66666650772095,2,5,1,1,1.01910829544067,0,0.931116044521332,1,4,201
"2060",1,0,1,0,1.33333337306976,1.66666662693024,5,1,1,1,0,0.931116044521332,1,4,277
"2061",3,0,1,0,1.33333337306976,1.66666662693024,5,0,0,1,0,0.931116044521332,1,4,839
"2062",2,0,1,0,3,1.66666662693024,5,1,1,1.00680267810822,0,0.931116044521332,1,4,169
"2063",1,0,1,0,3.66666674613953,2,4.66666650772095,0,1,0.816326558589935,0,0.931116044521332,1,4,145
"2064",2,0,1,0,1.66666662693024,1.66666662693024,5,0,0,1.03896105289459,0,0.931116044521332,1,4,344
"2065",2,1,1,0,1.66666662693024,1.66666662693024,5,0,0,1,0,0.931116044521332,1,4,458
"2066",1,0,1,0,4,3.33333325386047,4,1,1,0.75,0,0.931116044521332,1,4,352
"2067",3,0,1,0,4.66666650772095,2.66666674613953,5,0,1,1,0,0.931116044521332,1,4,81
"2068",2,0,1,0,1.66666662693024,1.66666662693024,5,1,1,0.902255654335022,0,0.931116044521332,1,4,357
"2069",2,0,1,0,3,1.66666662693024,5,1,0,1.0093457698822,0,0.931116044521332,1,4,772
"2070",2,0,1,0,3.66666674613953,2.66666674613953,5,0,1,1.17647063732147,0,0.931116044521332,1,4,343
"2071",2,0,1,0,3.66666674613953,2,5,1,1,0.879999995231628,0,0.931116044521332,1,4,337
"2072",1,0,1,0,3.66666674613953,3,5,1,1,0.942857146263123,0,0.931116044521332,1,4,1413
"2073",3,1,1,0,1,1.66666662693024,3,0,0,1.05263161659241,0,0.931116044521332,1,4,585
"2074",1,0,1,0,1.66666662693024,2.33333325386047,3,1,1,0.923076927661896,0,0.931116044521332,1,4,362
"2075",3,0,0,1,5,2.66666674613953,5,0,1,1,1,0.986412286758423,1,2,1089
"2076",3,0,0,1,2.33333325386047,2,5,1,0,1.01910829544067,1,0.986412286758423,1,2,1092
"2077",1,0,0,1,3,3.33333325386047,4.33333349227905,0,0,1.06951868534088,1,0.986412286758423,1,2,781
"2078",1,0,0,1,4,3,5,1,1,0.942857146263123,1,0.986412286758423,1,3,1214
"2079",2,0,0,1,4,2.66666674613953,5,0,0,0.992481172084808,1,0.986412286758423,1,3,399
"2080",1,0,0,1,3.66666674613953,3.33333325386047,5,0,1,1.03092777729034,1,0.986412286758423,1,3,510
"2081",2,1,0,1,4.66666650772095,3,4.66666650772095,1,1,1.01910829544067,1,0.986412286758423,1,2,426
"2082",1,0,0,1,4,2.66666674613953,5,0,0,1.07246375083923,1,0.986412286758423,1,3,1034
"2083",3,0,0,1,5,3.33333325386047,5,0,1,0.942675173282623,1,0.986412286758423,1,3,726
"2084",2,0,0,1,5,3.33333325386047,5,1,1,1,1,0.986412286758423,1,1,1260
"2085",1,0,0,1,3.33333325386047,4,3.66666674613953,1,1,1.02777779102325,1,0.986412286758423,1,2,668
"2086",1,0,0,1,4,4,4,1,0,0.970588207244873,1,0.986412286758423,1,2,647
"2087",1,0,0,1,4,3,4.66666650772095,1,0,0.904109597206116,1,0.986412286758423,1,3,535
"2088",1,0,0,1,2.33333325386047,2.33333325386047,4.66666650772095,1,0,0.904109597206116,1,0.986412286758423,1,3,955
"2089",3,0,0,1,4.66666650772095,3.33333325386047,5,1,0,1,1,0.986412286758423,1,1,1348
"2090",1,1,0,1,2,2.33333325386047,5,1,0,0.923076927661896,1,0.986412286758423,1,3,1302
"2091",3,0,0,1,4,2.66666674613953,5,1,1,1,1,0.986412286758423,1,1,1312
"2092",2,0,0,1,4.33333349227905,3.33333325386047,4.66666650772095,1,0,1.00680267810822,1,0.986412286758423,1,2,1423
"2093",2,0,0,1,5,3,5,1,1,1,1,0.986412286758423,1,1,1188
"2094",2,0,0,1,3.33333325386047,2.66666674613953,5,1,1,1.08029198646545,1,0.986412286758423,1,3,1082
"2095",2,0,0,1,4.33333349227905,3,5,1,1,1,1,0.986412286758423,1,3,590
"2096",1,0,0,1,2.66666674613953,2.33333325386047,5,1,0,0.867302715778351,1,0.986412286758423,1,3,1426
"2097",3,0,0,1,3.33333325386047,2.33333325386047,5,0,0,0.911098837852478,1,0.986412286758423,1,3,565
"2098",3,1,0,1,3.33333325386047,2.66666674613953,5,0,1,0.973684251308441,1,0.986412286758423,1,3,1325
"2099",1,1,0,1,1.33333337306976,2,4.33333349227905,1,0,1.16814160346985,1,0.986412286758423,1,2,1329
"2100",1,0,0,1,3,2.33333325386047,4.66666650772095,0,1,0.925147175788879,1,0.986412286758423,1,2,792
"2101",2,0,0,1,5,3.33333325386047,5,1,1,0.980683505535126,1,0.986412286758423,1,3,489
"2102",3,0,0,1,3,2.33333325386047,5,1,0,0.891530454158783,1,0.986412286758423,1,2,897
"2103",1,0,0,1,4.66666650772095,3.33333325386047,5,1,1,1.06666672229767,1,0.986412286758423,1,1,1239
"2104",2,0,0,1,1.66666662693024,2,3,1,0,0.967741906642914,1,0.986412286758423,1,2,713
"2105",2,0,0,1,2,2,5,1,1,1.06666672229767,1,0.986412286758423,1,2,1032
"2106",2,0,0,1,2.33333325386047,2.33333325386047,5,1,1,1.02564108371735,1,0.986412286758423,1,2,1280
"2107",3,0,0,1,5,3,5,1,1,0.942857146263123,1,0.986412286758423,1,3,581
"2108",2,0,0,1,4.66666650772095,3,5,1,1,0.982735753059387,1,0.986412286758423,1,2,1430
"2109",1,0,0,1,4.33333349227905,3.33333325386047,5,1,0,1.03896105289459,1,0.986412286758423,1,1,1137
"2110",2,1,0,1,3,2.66666674613953,5,1,0,0.904109597206116,1,0.986412286758423,1,3,378
"2111",2,0,0,1,2.33333325386047,2.33333325386047,3,1,0,0.839160859584808,1,0.986412286758423,1,3,1106
"2112",3,0,0,1,2.66666674613953,2.33333325386047,5,0,1,1.02564108371735,1,0.986412286758423,1,2,454
"2113",2,0,0,1,3,2.66666674613953,4.66666650772095,1,1,0.89991819858551,1,0.995047986507416,1,4,1238
"2114",3,0,0,1,2,1.66666662693024,5,1,0,0.942675173282623,1,0.995047986507416,1,4,1138
"2115",2,0,0,1,2.33333325386047,2.33333325386047,5,1,0,0.839160859584808,1,0.995047986507416,1,4,1217
"2116",2,0,0,1,1.66666662693024,2.33333325386047,3,0,1,0.923076927661896,1,0.995047986507416,1,4,979
"2117",2,1,0,1,4,2.66666674613953,5,1,1,1,1,0.995047986507416,1,4,426
"2118",3,0,0,1,5,3.33333325386047,5,1,1,0.942675173282623,1,0.995047986507416,1,4,593
"2119",2,0,0,1,4,2.66666674613953,5,1,1,1,1,0.995047986507416,1,1,1199
"2120",2,0,0,1,3.66666674613953,2.66666674613953,5,1,0,1.00680267810822,1,0.995047986507416,1,1,1353
"2121",1,0,0,1,1.66666662693024,2.33333325386047,3,0,0,1.00680267810822,1,0.995047986507416,1,4,497
"2122",2,0,0,1,3,2.33333325386047,5,1,1,1.03728628158569,1,0.995047986507416,1,4,1214
"2123",1,0,0,1,4,3.66666674613953,4.33333349227905,1,0,0.961038947105408,1,0.995047986507416,1,4,1025
"2124",1,0,0,1,4,3,5,0,1,1,1,0.995047986507416,1,4,726
"2125",1,0,0,1,4,2.66666674613953,5,1,0,1.06666672229767,1,0.995047986507416,1,4,1402
"2126",2,1,0,1,3,2.66666674613953,4.33333349227905,1,1,0.942675173282623,1,0.995047986507416,1,4,385
"2127",2,0,0,1,3.33333325386047,3,5,1,1,1.06666672229767,1,0.995047986507416,1,4,1308
"2128",1,0,0,1,2.66666674613953,2.33333325386047,5,1,0,0.973684251308441,1,0.995047986507416,1,1,1185
"2129",2,1,0,1,2,1.33333337306976,4,1,0,0.961038947105408,1,0.995047986507416,1,4,378
"2130",3,0,0,1,4.33333349227905,3,5,1,1,0.986666679382324,1,0.995047986507416,1,4,932
"2131",1,1,0,1,3.66666674613953,3.33333325386047,5,1,0,1,1,0.995047986507416,1,1,1392
"2132",2,0,0,1,2.66666674613953,2.66666674613953,5,0,0,1.08843541145325,1,0.995047986507416,1,1,1128
"2133",1,0,0,1,5,3.33333325386047,5,0,1,1.01910829544067,1,0.995047986507416,1,4,454
"2134",1,1,0,1,4.33333349227905,2.66666674613953,5,1,1,1.01910829544067,1,0.995047986507416,1,4,513
"2135",1,0,0,1,1.33333337306976,1.66666662693024,5,1,1,0.961038947105408,1,0.995047986507416,1,4,524
"2136",1,1,0,1,4,3.33333325386047,2.33333325386047,0,1,1.11690247058868,1,0.995047986507416,1,4,855
"2137",3,0,0,1,2.33333325386047,2.33333325386047,5,1,1,1,1,0.995047986507416,1,4,590
"2138",1,0,0,1,1,1.66666662693024,5,1,0,1.21991431713104,1,0.995047986507416,1,4,1288
"2139",1,0,0,1,4.33333349227905,3,4.33333349227905,1,1,0.879999995231628,1,0.995047986507416,1,4,655
"2140",1,0,0,1,3.66666674613953,2.66666674613953,5,1,0,1,1,0.995047986507416,1,1,1336
"2141",3,0,0,1,4.66666650772095,4.33333349227905,3.66666674613953,1,0,0.942675173282623,1,0.996865749359131,1,2,1080
"2142",1,0,0,1,3.66666674613953,4.33333349227905,3,0,1,0.897959172725677,1,0.996865749359131,1,1,1101
"2143",2,0,0,1,2.66666674613953,2.33333325386047,4,1,1,1.02777779102325,1,0.996865749359131,1,1,335
"2144",1,0,0,1,4.66666650772095,4.33333349227905,3.33333325386047,1,0,1.06666672229767,1,0.996865749359131,1,2,872
"2145",1,0,0,1,4.33333349227905,4,4,1,1,1.01910829544067,1,0.996865749359131,1,2,939
"2146",3,1,0,1,3.33333325386047,2.33333325386047,5,1,0,0.781609237194061,1,0.996865749359131,1,1,502
"2147",2,1,0,1,4,2.66666674613953,5,0,1,1.03845071792603,1,0.996865749359131,1,1,139
"2148",2,0,0,1,3.66666674613953,2.66666674613953,5,1,1,0.980132460594177,1,0.996865749359131,1,1,996
"2149",2,0,0,1,3.66666674613953,4,4,1,0,1.03896105289459,1,0.996865749359131,1,2,1146
"2150",3,0,0,1,4.66666650772095,5,4.33333349227905,0,1,1.01910829544067,1,0.996865749359131,1,1,1168
"2151",1,0,0,1,4.33333349227905,3.66666674613953,4,0,0,0.805970191955566,1,0.996865749359131,1,2,1245
"2152",1,1,0,1,3.66666674613953,2.33333325386047,5,0,1,1.01910829544067,1,0.996865749359131,1,2,687
"2153",2,0,0,1,4,3,3.66666674613953,1,0,1,1,0.996865749359131,1,2,1151
"2154",1,1,0,1,5,3,5,1,1,1.06666672229767,1,0.996865749359131,1,1,809
"2155",1,0,0,1,3.33333325386047,2.66666674613953,5,0,1,1.01910829544067,1,0.996865749359131,1,1,802
"2156",3,0,0,1,4,3.66666674613953,3,1,1,1.02777779102325,1,0.996865749359131,1,2,1117
"2157",3,0,0,1,3.66666674613953,3.33333325386047,5,1,1,0.986666679382324,1,0.996865749359131,1,1,251
"2158",2,0,0,1,4,2.33333325386047,4.33333349227905,1,1,0.77142858505249,1,0.996865749359131,1,2,1214
"2159",2,0,0,1,4,3,5,1,1,1.00680267810822,1,0.996865749359131,1,1,888
"2160",1,0,0,1,3,2.66666674613953,5,0,1,1.35000002384186,1,0.996865749359131,1,1,1027
"2161",2,0,0,1,2.33333325386047,3.33333325386047,3.66666674613953,1,0,1.19354844093323,1,0.996865749359131,1,2,829
"2162",2,0,0,1,3.33333325386047,2.66666674613953,5,1,0,0.942857146263123,1,0.996865749359131,1,1,298
"2163",1,0,0,1,4.33333349227905,4,4,1,1,1.01910829544067,1,0.996865749359131,1,1,133
"2164",3,1,0,1,3.33333325386047,4,4,1,0,0.934050381183624,1,0.996865749359131,1,1,111
"2165",1,0,0,1,4,3,5,1,0,1.0093457698822,1,0.996865749359131,1,1,698
"2166",1,0,0,1,2,2,5,0,1,1,1,0.996865749359131,1,1,477
"2167",3,1,0,1,3,2.33333325386047,5,1,1,1.01910829544067,1,0.996865749359131,1,1,433
"2168",1,0,0,1,3.66666674613953,2.66666674613953,5,0,0,1,1,0.996865749359131,1,1,424
"2169",1,0,0,1,1,1.66666662693024,5,1,0,1.13846158981323,1,0.996865749359131,1,2,1376
"2170",2,0,0,1,3,2.66666674613953,3,1,1,0.893203854560852,1,0.996865749359131,1,1,530
"2171",2,0,0,1,3.33333325386047,2.33333325386047,4,1,0,0.900000035762787,1,0.996865749359131,1,1,1409
"2172",1,0,0,1,2,3.33333325386047,4,1,1,0.984042584896088,1,0.996865749359131,1,1,810
"2173",2,0,0,1,2,2,5,1,0,NA,1,NA,1,3,1433
"2174",2,0,0,1,3.33333325386047,2.66666674613953,4.66666650772095,1,1,NA,1,NA,1,3,691
"2175",1,0,0,1,4,3.33333325386047,5,1,0,NA,1,NA,1,3,1144
"2176",2,0,0,1,3.33333325386047,3,4,1,0,NA,1,NA,1,3,617
"2177",1,0,0,1,3.66666674613953,4,3.66666674613953,1,1,NA,1,NA,1,3,1419
"2178",2,0,0,1,4.33333349227905,3,4,1,1,NA,1,NA,1,3,251
"2179",2,0,0,1,1.66666662693024,1.66666662693024,5,1,1,NA,1,NA,1,3,808
"2180",2,0,0,0,3,2.33333325386047,3.33333325386047,1,1,1,0,1.06561052799225,2,4,870
"2181",1,1,0,0,4.33333349227905,4,3.66666674613953,1,1,1.05263161659241,0,1.06561052799225,2,4,598
"2182",3,0,0,0,4,3.66666674613953,4,1,0,1,0,1.06561052799225,2,4,490
"2183",2,0,0,0,2.33333325386047,2,5,1,0,0.986666679382324,0,1.06561052799225,2,4,275
"2184",3,0,0,0,1.66666662693024,2.33333325386047,3,1,1,1,0,1.06561052799225,2,4,558
"2185",1,0,0,0,4,3,5,1,1,1.06666672229767,0,1.06561052799225,2,4,347
"2186",3,1,0,0,2,2,4.66666650772095,0,0,0.961038947105408,0,1.06561052799225,2,4,1235
"2187",2,0,0,0,3.33333325386047,2.33333325386047,5,1,1,1,0,1.06561052799225,2,4,1030
"2188",2,0,0,0,3.66666674613953,2.66666674613953,5,1,0,1.01910829544067,0,1.06561052799225,2,4,1422
"2189",1,0,0,0,2,2.66666674613953,5,0,0,1,0,1.06561052799225,2,1,443
"2190",1,1,0,0,2.66666674613953,2.33333325386047,5,1,0,1.03496503829956,0,1.06561052799225,2,4,226
"2191",1,0,0,0,3.33333325386047,3.33333325386047,5,0,0,1.00680267810822,0,1.06561052799225,2,4,461
"2192",1,0,0,0,2.66666674613953,2.33333325386047,5,0,1,1.30081295967102,0,1.06561052799225,2,1,703
"2193",1,0,0,0,4.66666650772095,4,4.66666650772095,1,1,1.06666672229767,0,1.06561052799225,2,4,693
"2194",3,1,0,0,4,2.66666674613953,5,1,1,1.01910829544067,0,1.06561052799225,2,4,426
"2195",1,0,0,0,4.33333349227905,3.66666674613953,5,0,1,1.15107917785645,0,1.06561052799225,2,1,126
"2196",1,1,0,0,3,2.66666674613953,5,0,1,1.11111116409302,0,1.06561052799225,2,1,499
"2197",1,0,0,0,4,2.66666674613953,5,1,1,1.19402980804443,0,1.06561052799225,2,4,1321
"2198",1,1,0,0,1.66666662693024,2.33333325386047,5,1,0,1.10447764396667,0,1.06561052799225,2,4,1358
"2199",3,0,0,0,2.66666674613953,2.66666674613953,4.66666650772095,1,1,1.04356896877289,0,1.06561052799225,2,1,106
"2200",1,0,0,0,2,2.66666674613953,5,0,0,1.06951868534088,0,1.06561052799225,2,4,369
"2201",1,0,0,0,4,2.66666674613953,5,1,0,1.01910829544067,0,1.06561052799225,2,4,673
"2202",2,1,0,0,4,2.66666674613953,5,0,0,1,0,1.06561052799225,2,4,1222
"2203",2,0,0,0,3,2.66666674613953,5,1,0,0.986666679382324,0,1.06561052799225,2,1,291
"2204",2,1,0,0,2.66666674613953,2,5,0,0,1.16535437107086,0,1.06561052799225,2,1,683
"2205",2,0,0,0,4.33333349227905,4,3,1,1,1.04139542579651,0,1.06561052799225,2,4,578
"2206",2,0,0,0,1.33333337306976,1.66666662693024,4.66666650772095,0,0,NA,0,1.06561052799225,2,1,1300
"2207",3,1,0,0,3.66666674613953,2.66666674613953,5,1,1,1.03896105289459,0,1.06561052799225,2,4,300
"2208",3,0,0,0,4.33333349227905,2.66666674613953,5,1,1,1.04575169086456,0,1.06561052799225,2,4,1059
"2209",2,0,0,0,2.33333325386047,2.33333325386047,5,1,0,1.16516160964966,0,1.06561052799225,2,1,1217
"2210",3,0,0,0,2.66666674613953,2.66666674613953,5,1,1,1,0,1.06561052799225,2,4,1136
"2211",1,1,0,0,1.66666662693024,1.66666662693024,3,0,1,1.11888110637665,0,1.06561052799225,2,1,857
"2212",2,0,0,0,4.66666650772095,2.66666674613953,5,0,1,1.09080994129181,0,1.06561052799225,2,1,511
"2213",1,0,0,0,4,2.66666674613953,5,1,0,1.05960261821747,0,1.06561052799225,2,1,852
"2214",1,0,0,0,4.33333349227905,3.33333325386047,5,1,1,0.876028656959534,0,1.06561052799225,2,4,1278
"2215",2,1,0,0,4,2.33333325386047,5,1,1,1.2030074596405,0,1.06561052799225,2,4,1437
"2216",1,0,0,0,2.66666674613953,2.66666674613953,4,1,1,1.02564108371735,0,1.06561052799225,2,4,1148
"2217",3,1,0,0,2.33333325386047,2,5,0,1,1.01910829544067,0,1.06561052799225,2,4,759
"2218",3,0,0,0,4.33333349227905,3.33333325386047,5,0,1,1.27850723266602,0,1.06561052799225,2,4,576
"2219",3,1,0,0,3.66666674613953,3,5,1,1,1.03896105289459,0,1.06561052799225,2,1,1297
"2220",3,0,0,0,3.66666674613953,3.66666674613953,4.33333349227905,1,0,1.06666672229767,0,1.06561052799225,2,1,1265
"2221",3,0,0,0,1.66666662693024,1.66666662693024,4.33333349227905,1,0,1,0,1.06561052799225,2,4,1108
"2222",1,0,0,0,4.66666650772095,3,5,0,1,1.08823525905609,0,1.06561052799225,2,4,159
"2223",3,0,0,0,4,2.66666674613953,5,1,0,1.09589040279388,0,1.06561052799225,2,4,535
"2224",2,0,0,0,4.33333349227905,3,5,0,1,1.09289622306824,0,1.06561052799225,2,4,1379
"2225",2,0,0,0,4.33333349227905,2.66666674613953,5,1,1,1,0,1.06561052799225,2,4,432
"2226",1,0,0,0,5,3.33333325386047,5,1,1,1.06666672229767,0,1.06561052799225,2,1,1036
"2227",2,1,0,0,1.66666662693024,2,5,1,0,NA,0,1.06561052799225,2,4,378
"2228",2,0,0,0,2,2.66666674613953,5,0,0,1.08843541145325,0,1.06561052799225,2,1,166
"2229",2,0,0,0,2.33333325386047,2,5,1,1,1.03653800487518,0,1.06561052799225,2,4,278
"2230",2,0,0,0,1,1.66666662693024,5,1,0,1.00899922847748,0,1.06561052799225,2,4,1256
"2231",1,1,0,0,4.33333349227905,2.66666674613953,5,0,1,1.375,0,1.06561052799225,2,1,899
"2232",2,1,0,0,3,2.33333325386047,5,1,1,0.980132460594177,0,1.06536960601807,2,1,1297
"2233",2,0,0,0,3.33333325386047,3.33333325386047,4.33333349227905,0,1,1.11888110637665,0,1.06536960601807,2,2,1421
"2234",3,0,0,0,1.33333337306976,1.66666662693024,5,1,1,1,0,1.06536960601807,2,2,978
"2235",3,1,0,0,2,1.66666662693024,5,0,0,1.16814160346985,0,1.06536960601807,2,2,683
"2236",1,0,0,0,4.33333349227905,3,5,1,1,1.05568754673004,0,1.06536960601807,2,2,693
"2237",1,0,0,0,2.66666674613953,2.66666674613953,5,1,1,1.01910829544067,0,1.06536960601807,2,2,529
"2238",1,0,0,0,4.66666650772095,3.33333325386047,5,1,0,1.03896105289459,0,1.06536960601807,2,2,490
"2239",2,0,0,0,1.66666662693024,1,4,1,0,0.942675173282623,0,1.06536960601807,2,1,291
"2240",2,0,0,0,2,2,5,1,1,1,0,1.06536960601807,2,1,549
"2241",2,0,0,0,1.66666662693024,2.33333325386047,3,1,1,1.01910829544067,0,1.06536960601807,2,2,558
"2242",3,0,0,0,1.66666662693024,2.33333325386047,5,1,0,1.05714285373688,0,1.06536960601807,2,2,936
"2243",2,0,0,0,2,2,5,0,0,1.07246375083923,0,1.06536960601807,2,2,690
"2244",1,0,0,0,1.33333337306976,1.66666662693024,5,0,1,1.23333334922791,0,1.06536960601807,2,1,703
"2245",3,1,0,0,4.33333349227905,3.33333325386047,5,1,1,1.01910829544067,0,1.06536960601807,2,2,300
"2246",2,1,0,0,1.66666662693024,2.33333325386047,3,0,0,1.06194686889648,0,1.06536960601807,2,1,683
"2247",1,0,0,0,4.33333349227905,3.33333325386047,5,0,1,1.25984251499176,0,1.06536960601807,2,1,126
"2248",1,0,0,0,4.66666650772095,3,5,0,1,1.10447764396667,0,1.06536960601807,2,2,511
"2249",1,0,0,0,1.33333337306976,1.66666662693024,5,1,0,1.02564108371735,0,1.06536960601807,2,1,1380
"2250",1,0,0,1,1.66666662693024,2,5,1,1,1.05714285373688,1,1.01243758201599,1,4,928
"2251",1,1,0,1,2.66666674613953,2.33333325386047,5,0,0,1.35356843471527,1,1.01243758201599,1,4,397
"2252",3,0,0,1,2,2.33333325386047,5,1,1,1.01910829544067,1,1.01243758201599,1,4,120
"2253",2,0,0,1,4,2.66666674613953,5,0,1,1.01910829544067,1,1.01243758201599,1,1,527
"2254",1,0,0,1,2,2,4.66666650772095,1,1,1.05714285373688,1,1.01243758201599,1,1,676
"2255",2,0,0,1,2.66666674613953,2.33333325386047,4.66666650772095,1,0,0.773109257221222,1,1.01243758201599,1,4,37
"2256",2,0,0,1,3.33333325386047,2.33333325386047,5,0,1,1.07317066192627,1,1.01243758201599,1,4,296
"2257",2,1,0,1,3.66666674613953,2.66666674613953,5,0,0,0.949640274047852,1,1.01243758201599,1,1,1058
"2258",2,0,0,1,2,2.66666674613953,5,0,1,1.00680267810822,1,1.01243758201599,1,4,179
"2259",1,0,0,1,3,3,4,1,1,0.923076927661896,1,1.01243758201599,1,1,416
"2260",1,0,0,1,4.33333349227905,2.66666674613953,4.66666650772095,1,0,0.942857146263123,1,1.01243758201599,1,4,298
"2261",2,0,0,1,3.66666674613953,2.66666674613953,4,0,1,1,1,1.01243758201599,1,4,149
"2262",2,0,0,1,3.66666674613953,2.66666674613953,4.66666650772095,1,1,1,1,1.01243758201599,1,4,575
"2263",2,0,0,1,2.66666674613953,2.66666674613953,5,1,0,0.986666679382324,1,1.01243758201599,1,1,783
"2264",3,0,0,1,2.66666674613953,3,5,1,1,0.980132460594177,1,1.01243758201599,1,1,1221
"2265",1,0,0,1,4,4,4,1,1,0.973684251308441,1,1.01243758201599,1,1,606
"2266",2,0,0,1,1,1.66666662693024,5,0,0,0.902255654335022,1,1.01243758201599,1,4,195
"2267",2,0,0,1,2,2,5,1,1,1.00680267810822,1,1.01243758201599,1,1,787
"2268",1,0,0,1,4.66666650772095,3.33333325386047,4,1,1,1.10447764396667,1,1.01243758201599,1,1,1087
"2269",3,1,0,1,3.66666674613953,3.33333325386047,5,0,1,0.952380955219269,1,1.01243758201599,1,4,314
"2270",1,0,0,1,1.66666662693024,1.66666662693024,4,1,1,1.03937005996704,1,1.01243758201599,1,4,281
"2271",3,0,0,1,5,3.33333325386047,4.33333349227905,1,1,1.01910829544067,1,1.01243758201599,1,1,456
"2272",2,0,0,1,2.33333325386047,2.33333325386047,5,1,1,1.04575169086456,1,1.01243758201599,1,4,168
"2273",1,0,0,1,2.66666674613953,2.33333325386047,5,0,1,1.13846158981323,1,1.01243758201599,1,4,67
"2274",1,0,0,1,4,3.33333325386047,1.66666662693024,0,1,0.942857146263123,1,1.01243758201599,1,4,129
"2275",1,1,0,1,2.66666674613953,2.66666674613953,5,0,1,1.22314047813416,1,1.01243758201599,1,4,310
"2276",3,0,0,1,3.33333325386047,2.66666674613953,4.66666650772095,0,1,1,1,1.01243758201599,1,4,81
"2277",1,1,0,1,2.66666674613953,3.33333325386047,5,0,1,1.12820506095886,1,1.01243758201599,1,4,439
"2278",3,0,0,1,3.66666674613953,1.66666662693024,5,1,1,1.00680267810822,1,1.01243758201599,1,4,69
"2279",3,0,0,1,1.33333337306976,1.66666662693024,5,1,0,1.04575169086456,1,1.01243758201599,1,4,567
"2280",2,1,0,1,3,2.66666674613953,5,0,1,0.900090038776398,1,1.01243758201599,1,4,333
"2281",2,1,0,1,1.66666662693024,2,5,0,1,1.00680267810822,1,1.01243758201599,1,4,467
"2282",1,0,0,1,3,2.66666674613953,3.33333325386047,0,1,0.980132460594177,1,1.01243758201599,1,4,223
"2283",2,0,0,1,4,2.66666674613953,5,1,0,1.11111116409302,1,1.01243758201599,1,4,1425
"2284",3,0,0,1,3.33333325386047,2.33333325386047,5,0,0,0.942857146263123,1,1.01243758201599,1,4,20
"2285",3,0,0,1,3.33333325386047,2,5,1,1,0.961038947105408,1,1.01243758201599,1,4,128
"2286",3,0,0,1,3.66666674613953,4,3.66666674613953,1,1,1,1,1.01243758201599,1,4,206
"2287",3,0,0,1,4,2.66666674613953,5,1,1,1.05714285373688,1,1.01243758201599,1,1,695
"2288",3,0,0,1,2.33333325386047,2,4.66666650772095,1,1,1.04137349128723,1,1.01243758201599,1,4,266
"2289",3,1,0,1,4.66666650772095,4.33333349227905,2.33333325386047,0,1,1.03896105289459,1,1.01243758201599,1,4,509
"2290",1,0,0,1,3.66666674613953,3.33333325386047,3.33333325386047,1,0,0.958797633647919,1,1.01243758201599,1,4,493
"2291",2,0,0,1,2,2.66666674613953,5,1,1,0.923076927661896,1,1.01243758201599,1,4,711
"2292",3,0,0,1,1.33333337306976,1.66666662693024,5,0,0,0.942857146263123,1,1.01243758201599,1,4,93
"2293",3,0,0,1,2.33333325386047,2,5,1,1,1.01538455486298,1,0.990121483802795,1,4,362
"2294",1,0,0,1,4.33333349227905,4,3,0,1,0.942675173282623,1,0.990121483802795,1,4,454
"2295",1,0,0,1,4.33333349227905,3,5,1,1,1,1,0.990121483802795,1,4,423
"2296",1,0,0,1,4.33333349227905,3.33333325386047,4.33333349227905,1,1,0.897959172725677,1,0.990121483802795,1,4,1405
"2297",2,0,0,1,2.33333325386047,2,5,1,1,1.04845571517944,1,0.990121483802795,1,4,561
"2298",2,0,0,1,2.66666674613953,2.33333325386047,4.33333349227905,0,1,1,1,0.990121483802795,1,4,35
"2299",2,0,0,1,3,2,5,0,1,0.989304840564728,1,0.990121483802795,1,4,873
"2300",1,0,0,1,4.33333349227905,2.66666674613953,4.33333349227905,1,1,0.992481172084808,1,0.990121483802795,1,4,205
"2301",2,0,0,1,3.66666674613953,2.66666674613953,5,1,1,0.986666679382324,1,0.990121483802795,1,1,1286
"2302",3,0,0,1,2.33333325386047,2.33333325386047,5,0,1,1.04575169086456,1,0.990121483802795,1,4,368
"2303",2,1,0,1,3,2,5,0,0,0.990099012851715,1,0.990121483802795,1,1,1143
"2304",1,1,0,1,3.33333325386047,2.33333325386047,5,0,1,1.02325582504272,1,0.990121483802795,1,4,541
"2305",3,0,0,1,2,2.33333325386047,4.66666650772095,0,0,0.828271687030792,1,0.990121483802795,1,4,244
"2306",3,0,0,1,3.33333325386047,2.33333325386047,5,1,0,0.89552241563797,1,0.990121483802795,1,4,307
"2307",1,1,0,1,4,4.66666650772095,3.33333325386047,0,1,0.934050381183624,1,0.990121483802795,1,1,1209
"2308",3,0,0,1,2.66666674613953,2.33333325386047,5,1,0,0.857142865657806,1,0.990121483802795,1,4,187
"2309",2,0,0,1,4.33333349227905,3,4.66666650772095,1,1,1.01910829544067,1,0.990121483802795,1,4,265
"2310",1,1,0,1,1,1.66666662693024,5,0,0,0.963503658771515,1,0.990121483802795,1,4,53
"2311",2,0,0,1,3,2.33333325386047,5,0,1,1,1,0.990121483802795,1,4,165
"2312",2,0,0,1,2,1.66666662693024,5,1,1,1.01910829544067,1,0.990121483802795,1,4,345
"2313",3,0,0,1,2.33333325386047,2,5,1,0,1.20000004768372,1,0.990121483802795,1,4,219
"2314",1,1,0,1,2.33333325386047,2,4.66666650772095,0,1,1,1,0.990121483802795,1,1,1311
"2315",1,0,0,1,4.33333349227905,3,5,1,1,1,1,0.990121483802795,1,4,99
"2316",3,0,0,1,4.33333349227905,2.66666674613953,3.33333325386047,1,1,1.00543475151062,1,0.990121483802795,1,4,632
"2317",2,0,0,1,5,3,5,0,1,0.961038947105408,1,0.990121483802795,1,4,353
"2318",2,0,0,1,2.66666674613953,2,5,0,1,0.970588207244873,1,0.990121483802795,1,4,343
"2319",3,0,0,1,3.33333325386047,2.33333325386047,5,1,1,1.00680267810822,1,0.990121483802795,1,4,245
"2320",2,0,0,1,3,2.66666674613953,5,1,1,0.992481172084808,1,0.990121483802795,1,4,162
"2321",2,0,0,1,4.33333349227905,3,4.33333349227905,1,1,1.05960261821747,1,0.990121483802795,1,4,112
"2322",1,0,0,1,4.66666650772095,3,5,1,1,0.862745106220245,1,0.990121483802795,1,4,322
"2323",3,0,0,1,4.33333349227905,2.66666674613953,5,1,1,0.879999995231628,1,0.990121483802795,1,4,11
"2324",2,0,0,1,3,2.33333325386047,5,0,1,1.02777779102325,1,0.990121483802795,1,4,750
"2325",1,0,0,1,3.33333325386047,2.66666674613953,5,1,1,1.16535437107086,1,0.990121483802795,1,4,199
"2326",1,0,0,1,3.66666674613953,3.66666674613953,4,1,1,0.973684251308441,1,0.990121483802795,1,4,335
"2327",1,0,0,1,5,3.33333325386047,5,0,1,1.10000002384186,1,0.990121483802795,1,4,68
"2328",2,0,0,0,3.33333325386047,2.66666674613953,5,0,1,1.01910829544067,1,1.05488836765289,2,3,83
"2329",2,0,0,0,3,2.66666674613953,5,0,0,1.17647063732147,1,1.05488836765289,2,3,1023
"2330",1,1,0,0,4.66666650772095,4.66666650772095,4,1,1,1.1678831577301,1,1.05488836765289,2,3,299
"2331",2,0,0,0,4.66666650772095,4,4,1,1,1.01910829544067,1,1.05488836765289,2,3,157
"2332",2,0,0,0,2.33333325386047,1.66666662693024,3.33333325386047,1,0,1.07317066192627,1,1.05488836765289,2,3,972
"2333",3,0,0,0,4.33333349227905,3.66666674613953,4,0,1,0.980132460594177,1,1.05488836765289,2,3,222
"2334",1,1,0,0,5,4.66666650772095,4,0,1,1.04964542388916,1,1.05488836765289,2,3,45
"2335",2,0,0,0,3,4.33333349227905,2.33333325386047,0,1,1.06666672229767,1,1.05488836765289,2,3,656
"2336",3,0,0,0,3,3.66666674613953,2.66666674613953,1,0,1.09080994129181,1,1.05488836765289,2,3,804
"2337",3,1,0,0,2,1.66666662693024,3,1,0,0.912408769130707,1,1.05488836765289,2,3,945
"2338",1,0,0,0,4.33333349227905,4.33333349227905,4,0,1,1.02197241783142,1,1.05488836765289,2,3,628
"2339",1,0,0,0,3.33333325386047,3,5,1,1,1,1,1.05488836765289,2,1,1015
"2340",2,0,0,0,4.33333349227905,3,5,1,1,1,1,1.05488836765289,2,3,18
"2341",1,0,0,0,5,3.66666674613953,2.33333325386047,1,0,1.04166662693024,1,1.05488836765289,2,3,715
"2342",1,0,0,0,3,2.66666674613953,5,1,0,1.06666672229767,1,1.05488836765289,2,1,1277
"2343",3,0,0,0,3.66666674613953,2.66666674613953,5,0,1,0.942857146263123,1,1.05488836765289,2,3,725
"2344",3,0,0,0,4.33333349227905,3.66666674613953,4.33333349227905,1,0,1.08843541145325,1,1.05488836765289,2,3,840
"2345",3,0,0,0,1,1.66666662693024,5,1,0,1.02777779102325,1,1.05488836765289,2,3,805
"2346",1,0,0,0,4.33333349227905,4.33333349227905,2.66666674613953,1,1,1.14285719394684,1,1.05488836765289,2,3,261
"2347",1,0,0,0,4.66666650772095,3.33333325386047,5,1,1,1.10447764396667,1,1.05488836765289,2,3,185
"2348",1,1,0,0,4,2.33333325386047,5,1,1,0.902255654335022,1,1.05488836765289,2,3,1437
"2349",1,1,0,0,3.33333325386047,2.66666674613953,5,1,0,1.14090132713318,1,1.05488836765289,2,3,845
"2350",2,0,0,0,4.66666650772095,2.66666674613953,5,1,1,1,1,1.05488836765289,2,1,1003
"2351",2,0,0,0,4.66666650772095,3.33333325386047,5,1,1,1.06241703033447,1,1.05488836765289,2,3,1430
"2352",2,1,0,0,3.66666674613953,3.33333325386047,3,0,1,1.18811881542206,1,1.05488836765289,2,1,811
"2353",2,1,0,0,2.66666674613953,2.66666674613953,1,0,0,1.08843541145325,1,1.05488836765289,2,3,540
"2354",3,1,0,0,2.33333325386047,2.66666674613953,4.33333349227905,1,0,1.10447764396667,1,1.05488836765289,2,3,1077
"2355",1,1,0,0,4.66666650772095,2.66666674613953,5,0,0,1.02097129821777,1,1.05488836765289,2,1,415
"2356",3,0,0,0,5,4.33333349227905,4,1,1,1.06666672229767,1,1.05488836765289,2,1,922
"2357",3,0,0,0,1,2,2.66666674613953,1,1,1.08029198646545,1,1.05488836765289,2,3,639
"2358",3,0,0,0,4,2.66666674613953,5,1,1,1.03626942634583,1,1.03686571121216,2,4,1087
"2359",2,1,0,0,4.33333349227905,3,1,1,0,1.03728628158569,1,1.03686571121216,2,4,1275
"2360",2,0,0,0,5,4,1.33333337306976,1,1,1.04058277606964,1,1.03686571121216,2,4,708
"2361",1,0,0,0,4.66666650772095,4,3,0,1,1,1,1.03686571121216,2,4,1428
"2362",3,0,0,0,3.33333325386047,4,3,1,1,1,1,1.03686571121216,2,4,485
"2363",1,0,0,0,1.66666662693024,2.33333325386047,3,0,1,1.54559504985809,1,1.03686571121216,2,4,576
"2364",1,0,0,0,3.66666674613953,3,3,1,0,1,1,1.03686571121216,2,4,1361
"2365",2,0,0,0,4.33333349227905,4,2,1,0,1,1,1.03686571121216,2,4,1337
"2366",2,0,0,0,3.33333325386047,2.66666674613953,1,0,0,0.961038947105408,1,1.03686571121216,2,4,1000
"2367",1,0,0,0,4,3.66666674613953,2,1,1,0.935109078884125,1,1.03686571121216,2,4,521
"2368",3,0,0,0,2.66666674613953,2.66666674613953,3.33333325386047,1,1,1,1,1.03686571121216,2,4,110
"2369",3,0,0,0,3.33333325386047,3.66666674613953,3.66666674613953,0,1,1.11888110637665,1,1.03686571121216,2,4,988
"2370",3,0,0,0,2.66666674613953,2.33333325386047,4.66666650772095,1,1,1.00680267810822,1,1.03686571121216,2,4,297
"2371",2,0,0,0,2.33333325386047,1.66666662693024,5,0,1,1.04575169086456,1,1.03686571121216,2,4,39
"2372",1,0,0,0,4,2.66666674613953,4,1,0,1.03896105289459,1,1.03686571121216,2,4,200
"2373",1,0,0,0,3.66666674613953,3,3.66666674613953,1,1,1,1,1.03686571121216,2,4,1210
"2374",1,0,0,0,4.66666650772095,3.66666674613953,2.33333325386047,1,1,0.942675173282623,1,1.03686571121216,2,4,498
"2375",1,0,0,0,5,4,2,1,1,0.973684251308441,1,1.03686571121216,2,4,727
"2376",3,0,0,0,3.66666674613953,3.66666674613953,3.66666674613953,1,1,1,1,1.03686571121216,2,4,423
"2377",2,0,0,0,4.33333349227905,3.66666674613953,4,1,1,1.06241703033447,1,1.03686571121216,2,4,100
"2378",2,0,0,0,1,1.66666662693024,2,0,1,1.29824566841125,1,1.03686571121216,2,4,290
"2379",1,0,0,0,3.33333325386047,2.66666674613953,5,1,0,1,1,1.03686571121216,2,4,1182
"2380",1,0,0,0,1.66666662693024,2.33333325386047,3,0,0,0.897959172725677,1,1.03686571121216,2,4,1350
"2381",2,0,0,0,4.66666650772095,4,1.66666662693024,0,0,1.02777779102325,1,1.03686571121216,2,4,1034
"2382",2,0,0,0,4.33333349227905,3,4,1,1,1,1,1.03686571121216,2,4,131
"2383",3,0,0,0,3,2.33333325386047,5,0,0,1.01910829544067,1,1.03686571121216,2,4,786
"2384",3,0,0,0,3,3,3,1,1,1.01910829544067,1,1.03686571121216,2,4,174
"2385",1,0,0,0,4.66666650772095,4,2,1,0,1.06185293197632,1,1.03686571121216,2,4,1330
"2386",2,0,0,0,4.66666650772095,3.66666674613953,1,1,1,1,1,1.03686571121216,2,4,1199
"2387",1,0,1,0,4.66666650772095,3.33333325386047,5,1,1,1,1,0.964885830879211,2,3,1349
"2388",3,1,1,0,4.66666650772095,3,5,1,0,1,1,0.964885830879211,2,3,1066
"2389",3,1,1,0,2.66666674613953,2.66666674613953,5,0,1,NA,1,0.964885830879211,2,1,533
"2390",2,1,1,0,1.66666662693024,2.33333325386047,4.66666650772095,0,1,NA,1,0.964885830879211,2,1,907
"2391",1,1,1,0,2.33333325386047,2.33333325386047,3,0,1,NA,1,0.964885830879211,2,1,824
"2392",1,1,1,0,5,4.33333349227905,2.33333325386047,0,1,0.900090038776398,1,0.964885830879211,2,3,824
"2393",1,0,1,0,4.66666650772095,3.33333325386047,5,1,1,1,1,0.964885830879211,2,3,1180
"2394",2,0,1,0,2.66666674613953,2.33333325386047,4,1,0,0.963503658771515,1,0.964885830879211,2,3,1411
"2395",3,0,1,0,1.33333337306976,1.66666662693024,5,0,0,1.04761898517609,1,0.964885830879211,2,3,1105
"2396",2,0,1,0,2.66666674613953,3.33333325386047,3.33333325386047,1,1,0.857142865657806,1,0.964885830879211,2,1,1367
"2397",3,1,1,0,2.33333325386047,2,4.33333349227905,0,1,1.00680267810822,1,0.964885830879211,2,3,533
"2398",1,0,1,0,3.33333325386047,4,4,1,0,0.942857146263123,1,0.964885830879211,2,1,1279
"2399",1,1,1,0,3.33333325386047,3.33333325386047,5,0,1,NA,1,0.964885830879211,2,1,918
"2400",2,1,1,0,2.33333325386047,4,4,1,1,1,1,0.964885830879211,2,3,943
"2401",2,0,1,0,4.66666650772095,4,4,1,1,0.963503658771515,1,0.964885830879211,2,3,865
"2402",2,0,1,0,2.33333325386047,2.33333325386047,4.33333349227905,1,1,NA,1,0.964885830879211,2,1,949
"2403",1,0,1,0,2.33333325386047,2.33333325386047,5,1,0,0.964285731315613,1,0.964885830879211,2,3,1187
"2404",1,0,1,0,3,2.66666674613953,5,1,0,0.986666679382324,1,0.964885830879211,2,1,1277
"2405",1,0,1,0,4.33333349227905,4.33333349227905,4,0,1,0.942857146263123,1,0.964885830879211,2,3,448
"2406",2,0,1,0,3.33333325386047,3.33333325386047,4.66666650772095,1,1,0.897959172725677,1,0.964885830879211,2,3,1383
"2407",3,0,1,0,2,2.33333325386047,5,1,1,NA,1,0.964885830879211,2,1,1085
"2408",2,0,1,0,2,1.66666662693024,3.33333325386047,1,1,NA,1,0.927154719829559,2,1,679
"2409",1,0,1,0,3,2.66666674613953,5,1,0,1.01910829544067,1,0.927154719829559,2,3,982
"2410",3,1,1,0,3.66666674613953,2.33333325386047,5,0,0,1.09090912342072,1,0.927154719829559,2,3,318
"2411",1,0,1,0,4,2.66666674613953,4,1,0,1.0518114566803,1,0.927154719829559,2,3,705
"2412",2,0,1,0,5,4,2.66666674613953,1,1,1,1,0.927154719829559,2,1,473
"2413",1,1,1,0,4.66666650772095,3.66666674613953,3.66666674613953,0,1,1.03896105289459,1,0.927154719829559,2,3,117
"2414",2,0,1,0,2.33333325386047,1.66666662693024,4.33333349227905,1,1,0.857142865657806,1,0.927154719829559,2,3,664
"2415",2,1,1,0,4.33333349227905,4.33333349227905,4,0,1,0.857142865657806,1,0.927154719829559,2,3,33
"2416",1,0,1,0,1.66666662693024,2.33333325386047,3,1,0,0.991735517978668,1,0.927154719829559,2,3,247
"2417",2,1,1,0,3.66666674613953,4.33333349227905,3.66666674613953,0,1,0.814447581768036,1,0.927154719829559,2,3,309
"2418",2,0,1,0,4,2.66666674613953,4.33333349227905,1,1,1.03896105289459,1,0.927154719829559,2,3,260
"2419",2,0,1,0,3.33333325386047,2.33333325386047,3,1,0,0.923076927661896,1,0.927154719829559,2,3,204
"2420",2,0,1,0,2.66666674613953,2.33333325386047,5,1,0,1.06194686889648,1,0.927154719829559,2,1,273
"2421",2,0,1,0,4.66666650772095,4,4.66666650772095,1,1,1.05960261821747,1,0.927154719829559,2,3,13
"2422",2,0,1,0,1,1.66666662693024,4,0,1,1.05714285373688,1,0.927154719829559,2,3,29
"2423",3,0,1,0,2,2,4.33333349227905,1,1,NA,1,0.927154719829559,2,3,246
"2424",2,0,1,0,2.66666674613953,3,4,1,0,0.615384638309479,1,0.927154719829559,2,3,204
"2425",1,1,1,0,3.66666674613953,2.66666674613953,5,1,1,1,1,0.927154719829559,2,3,282
"2426",1,1,1,0,4.33333349227905,3.66666674613953,4.33333349227905,0,1,0.857142865657806,1,0.927154719829559,2,3,225
"2427",3,0,1,0,4,2.66666674613953,5,1,1,0.941715478897095,1,0.927154719829559,2,3,279
"2428",2,0,1,0,3.66666674613953,3,5,1,1,0.963503658771515,1,0.927154719829559,2,3,734
"2429",1,0,1,0,2.66666674613953,2,5,0,0,1.10447764396667,1,0.927154719829559,2,1,292
"2430",3,1,1,0,1,1.33333337306976,4.66666650772095,0,1,0.65040647983551,1,0.927154719829559,2,3,138
"2431",2,1,1,0,2.33333325386047,2.33333325386047,4,1,0,1,1,0.927154719829559,2,3,1
"2432",1,0,1,0,1.66666662693024,2.33333325386047,3,1,1,1,1,0.927154719829559,2,3,483
"2433",3,0,1,0,3,3.33333325386047,4.33333349227905,1,0,0.875912427902222,1,0.927154719829559,2,3,132
"2434",3,0,1,0,3,2.33333325386047,5,1,0,NA,1,0.927154719829559,2,1,982
"2435",2,1,1,0,2.66666674613953,2,5,0,0,0.900090038776398,1,0.927154719829559,2,3,326
"2436",1,1,1,0,3.66666674613953,2.66666674613953,5,0,1,0,1,0.927154719829559,2,3,314
"2437",1,0,1,0,4.33333349227905,2.66666674613953,3.66666674613953,1,1,1,1,0.927154719829559,2,3,263
"2438",1,0,1,0,1.66666662693024,2.33333325386047,3,0,1,0.519480526447296,1,0.927154719829559,2,3,295
"2439",2,1,1,0,2.66666674613953,2.33333325386047,5,0,1,1.06666672229767,1,0.927154719829559,2,3,467
"2440",1,1,1,0,3.66666674613953,3.66666674613953,4,0,0,0.981818199157715,1,0.927154719829559,2,3,318
"2441",3,0,1,0,3.66666674613953,2.66666674613953,4.33333349227905,1,0,0.765957474708557,1,0.927154719829559,2,3,898
"2442",1,0,1,0,3.33333325386047,2.66666674613953,5,1,0,1.12325441837311,1,0.927154719829559,2,3,702
"2443",2,0,1,0,3.33333325386047,2.66666674613953,3.33333325386047,1,1,0.875912427902222,1,0.927154719829559,2,3,192
"2444",1,0,1,0,3.66666674613953,3.33333325386047,5,1,0,1.03896105289459,1,0.927154719829559,2,1,97
"2445",2,0,1,0,5,4.66666650772095,3.33333325386047,1,1,1.05714285373688,1,0.927154719829559,2,3,168
"2446",3,0,1,0,2.66666674613953,2.66666674613953,3.66666674613953,0,1,0.961258351802826,1,0.927154719829559,2,3,24
"2447",3,0,1,0,3.33333325386047,2.66666674613953,5,1,1,1.10000002384186,1,0.927154719829559,2,3,289
"2448",3,0,1,0,3.33333325386047,3,2.66666674613953,1,1,NA,1,0.927154719829559,2,3,250
"2449",1,0,1,0,2,2.33333325386047,5,1,1,NA,1,0.927154719829559,2,1,1085
"2450",1,0,1,0,4.33333349227905,4,4,1,1,1,1,0.927154719829559,2,3,161
"2451",3,0,1,0,2.33333325386047,2,5,0,1,0.897959172725677,1,0.927154719829559,2,1,1028
"2452",2,0,1,0,3.33333325386047,2.66666674613953,5,1,1,0.980132460594177,1,0.931889176368713,1,2,1024
"2453",2,0,1,0,2.33333325386047,2.66666674613953,5,1,1,1.19402980804443,1,0.931889176368713,1,1,1321
"2454",1,0,1,0,2.66666674613953,2.66666674613953,5,1,1,1,1,0.931889176368713,1,2,1181
"2455",1,0,1,0,4.33333349227905,4.33333349227905,4,1,1,0.862745106220245,1,0.931889176368713,1,2,1377
"2456",2,0,1,0,2,2,4.66666650772095,0,1,0.394366204738617,1,0.931889176368713,1,2,1218
"2457",1,0,1,0,3,2.66666674613953,5,1,1,0.963503658771515,1,0.931889176368713,1,2,1001
"2458",3,0,1,0,4,2.66666674613953,5,1,1,1,1,0.931889176368713,1,1,1219
"2459",2,1,1,0,3.66666674613953,3.66666674613953,4,0,1,1,1,0.931889176368713,1,2,488
"2460",3,0,1,0,2.33333325386047,2.33333325386047,5,1,1,0.904109597206116,1,0.931889176368713,1,2,1210
"2461",1,0,1,0,4.33333349227905,2.66666674613953,5,1,1,0.879999995231628,1,0.931889176368713,1,2,923
"2462",1,0,1,0,2.66666674613953,1.66666662693024,5,0,1,0.973684251308441,1,0.931889176368713,1,1,1319
"2463",1,1,1,0,3.66666674613953,2.33333325386047,5,0,1,1,1,0.931889176368713,1,1,1157
"2464",1,0,1,0,4,3.66666674613953,4.66666650772095,0,1,1.02249491214752,1,0.931889176368713,1,2,402
"2465",1,0,1,0,1.66666662693024,1.66666662693024,4.33333349227905,0,1,0.948717951774597,1,0.931889176368713,1,2,1366
"2466",2,0,1,0,4,3,4.66666650772095,0,1,0.902255654335022,1,0.931889176368713,1,2,1195
"2467",2,0,1,0,5,2.66666674613953,5,1,1,0.89552241563797,1,0.931889176368713,1,2,1087
"2468",3,1,1,0,4.66666650772095,3,4.66666650772095,1,1,0.980132460594177,1,0.931889176368713,1,2,1007
"2469",3,0,1,0,4.33333349227905,3.33333325386047,4.66666650772095,0,1,0.900090038776398,1,0.931889176368713,1,2,1022
"2470",2,0,1,0,1.66666662693024,2,4.66666650772095,0,1,0.904109597206116,1,0.931889176368713,1,1,1270
"2471",1,0,1,0,4,2.66666674613953,5,1,1,0.992481172084808,1,0.929471969604492,1,1,1321
"2472",1,1,1,0,2.66666674613953,3,4.33333349227905,1,1,0.966309726238251,1,0.929471969604492,1,3,1211
"2473",2,0,1,0,2.33333325386047,2,4,0,1,0.780572414398193,1,0.929471969604492,1,3,601
"2474",3,0,1,0,2.66666674613953,2.33333325386047,5,0,1,0.847457647323608,1,0.929471969604492,1,3,67
"2475",2,0,1,0,3,3.33333325386047,4,1,1,0.850393712520599,1,0.929471969604492,1,3,536
"2476",1,0,1,0,4.66666650772095,3.33333325386047,5,1,1,0.816326558589935,1,0.929471969604492,1,3,700
"2477",3,1,1,0,3,2.33333325386047,5,1,1,0.676589965820312,1,0.929471969604492,1,3,627
"2478",2,0,1,0,4,4,4.33333349227905,1,1,1.01910829544067,1,0.929471969604492,1,3,717
"2479",2,0,1,0,5,3,5,1,1,0.892561972141266,1,0.929471969604492,1,3,1013
"2480",1,1,1,0,3.66666674613953,3.33333325386047,4.33333349227905,0,0,0.862745106220245,1,0.929471969604492,1,3,1235
"2481",1,0,1,0,3,2.33333325386047,5,0,0,0.923076927661896,1,0.929471969604492,1,3,836
"2482",3,0,1,0,2.33333325386047,2.33333325386047,5,1,1,1.02564108371735,1,0.929471969604492,1,3,531
"2483",1,0,1,0,2.33333325386047,2.66666674613953,5,1,1,1.03896105289459,1,0.929471969604492,1,1,1219
"2484",1,1,1,0,4.66666650772095,4.33333349227905,4,1,1,0.859845221042633,1,0.929471969604492,1,1,72
"2485",1,0,1,0,3.66666674613953,2.66666674613953,5,1,1,1.04575169086456,1,0.929471969604492,1,3,733
"2486",2,1,1,0,2,2,5,0,1,1.02325582504272,1,0.929471969604492,1,1,17
"2487",2,1,1,0,1.66666662693024,1.33333337306976,4.66666650772095,0,0,0.897959172725677,1,0.929471969604492,1,1,27
"2488",1,0,1,0,2.66666674613953,2.33333325386047,5,0,0,1.02564108371735,1,0.929471969604492,1,1,113
"2489",2,1,1,0,3,3.33333325386047,4,0,1,1.01010096073151,1,0.929471969604492,1,3,661
"2490",1,0,1,0,3.66666674613953,3.66666674613953,4,1,1,0.961038947105408,1,0.929471969604492,1,3,563
"2491",2,0,1,0,3,2.66666674613953,5,0,1,0.923076927661896,1,0.929471969604492,1,3,988
"2492",1,0,1,0,1.66666662693024,2.33333325386047,3,0,1,0.77142858505249,1,0.929471969604492,1,3,525
"2493",1,0,1,0,2.33333325386047,2.33333325386047,5,1,1,0.882352948188782,1,0.929471969604492,1,1,135
"2494",3,0,1,0,3.66666674613953,2.33333325386047,5,1,0,1.02777779102325,1,0.929471969604492,1,1,50
"2495",3,0,1,0,3,2.33333325386047,4,1,0,0.833333313465118,1,0.929471969604492,1,1,286
"2496",2,0,1,0,2.66666674613953,2.33333325386047,4.66666650772095,1,1,1.04575169086456,1,0.929471969604492,1,3,679
"2497",2,0,1,0,2,2.33333325386047,5,0,1,0.948717951774597,1,0.929471969604492,1,1,1319
"2498",3,0,1,0,1,1.66666662693024,3,1,1,0.683760702610016,1,0.929471969604492,1,1,1424
"2499",1,0,1,0,4.66666650772095,3.33333325386047,5,1,1,0.902255654335022,1,0.929471969604492,1,1,70
"2500",2,0,1,0,4.66666650772095,3,5,1,1,1.06666672229767,1,0.929471969604492,1,1,337
"2501",2,1,1,0,3.33333325386047,3.33333325386047,4.33333349227905,0,0,1.10924363136292,1,0.929471969604492,1,1,10
"2502",1,0,1,0,4.66666650772095,4.66666650772095,3,0,0,1,1,0.929471969604492,1,3,1026
"2503",1,0,1,0,4.66666650772095,3.33333325386047,5,1,1,1,1,0.929471969604492,1,3,1258
"2504",3,0,1,0,4,4.33333349227905,1,1,1,0.942675173282623,1,0.929471969604492,1,3,519
"2505",1,1,1,0,1.66666662693024,2.33333325386047,3,1,1,0.816326558589935,1,0.929471969604492,1,3,491
"2506",1,0,1,0,2.33333325386047,2,5,0,1,0.857142865657806,1,0.929471969604492,1,3,1022
"2507",3,1,1,0,4.33333349227905,3,5,1,1,0.923076927661896,1,0.929471969604492,1,3,1043
"2508",3,1,1,0,4.33333349227905,3,5,0,1,1,1,0.929471969604492,1,1,1157
"2509",2,0,1,0,2,1.66666662693024,5,1,0,1,1,0.929471969604492,1,1,1355
"2510",1,0,1,0,4.33333349227905,3.66666674613953,4,1,1,0.942675173282623,0,0.961386263370514,1,4,1414
"2511",2,0,1,0,4.66666650772095,4.33333349227905,3,1,1,0.875912427902222,0,0.961386263370514,1,4,463
"2512",1,0,1,0,3.66666674613953,2.66666674613953,4.66666650772095,0,1,1.00680267810822,0,0.961386263370514,1,3,830
"2513",3,0,1,0,4.33333349227905,3.66666674613953,4,0,1,0.957746505737305,0,0.961386263370514,1,3,1218
"2514",1,0,1,0,1.33333337306976,2,5,1,1,1.04964542388916,0,0.961386263370514,1,4,790
"2515",3,0,1,0,3.66666674613953,2.66666674613953,4,1,1,0.65040647983551,0,0.961386263370514,1,4,782
"2516",2,0,1,0,4.33333349227905,4.33333349227905,2.33333325386047,1,1,0.923076927661896,0,0.961386263370514,1,4,636
"2517",1,0,1,0,4.33333349227905,3,5,0,0,0.963503658771515,0,0.961386263370514,1,3,836
"2518",1,0,1,0,2.66666674613953,2,3.66666674613953,1,1,0.980712652206421,0,0.961386263370514,1,4,706
"2519",2,0,1,0,3,2.66666674613953,4,0,1,1.01910829544067,0,0.961386263370514,1,4,336
"2520",1,0,1,0,2.66666674613953,2.66666674613953,5,0,1,0.862068951129913,0,0.961386263370514,1,3,654
"2521",2,1,1,0,4,3.33333325386047,5,1,1,0.730158686637878,0,0.961386263370514,1,3,627
"2522",1,1,1,0,1.66666662693024,1.66666662693024,3,0,0,0.944881916046143,0,0.961386263370514,1,4,683
"2523",1,0,1,0,3.33333325386047,2.66666674613953,4.66666650772095,1,1,0.986666679382324,0,0.961386263370514,1,4,688
"2524",3,0,1,0,4.66666650772095,4,4.33333349227905,1,1,0.958797633647919,0,0.961386263370514,1,3,278
"2525",1,0,1,0,2.66666674613953,2.66666674613953,4,0,1,0.968586385250092,0,0.961386263370514,1,3,522
"2526",1,1,1,0,3.66666674613953,3.66666674613953,4.33333349227905,0,1,1,0,0.961386263370514,1,3,488
"2527",3,0,1,0,2.33333325386047,2,5,0,1,1.04761898517609,0,0.961386263370514,1,4,750
"2528",2,0,1,0,2,1.66666662693024,4,1,0,0.961038947105408,0,0.961386263370514,1,4,718
"2529",3,0,1,0,3.66666674613953,3.66666674613953,4,1,1,1,0,0.961386263370514,1,3,553
"2530",1,0,1,0,2,2,4.33333349227905,1,0,0.923076927661896,0,0.961386263370514,1,3,238
"2531",2,0,1,0,3.66666674613953,2.66666674613953,5,1,1,1,0,0.961386263370514,1,4,483
"2532",1,0,1,0,3.66666674613953,3,4,1,0,0.944881916046143,0,0.961386263370514,1,4,705
"2533",3,0,1,0,4,2.66666674613953,5,1,1,1.01910829544067,0,0.961386263370514,1,3,670
"2534",1,0,1,0,5,3.33333325386047,5,1,1,0.800000011920929,0,0.961386263370514,1,3,1036
"2535",3,0,1,0,4.66666650772095,2.66666674613953,5,1,1,1.03896105289459,0,0.961386263370514,1,3,518
"2536",2,0,1,0,4.33333349227905,4,4,0,1,0.902255654335022,0,0.961386263370514,1,3,1195
"2537",3,0,1,0,4,3.66666674613953,4,0,1,1,0,0.961386263370514,1,3,780
"2538",3,0,1,0,3,2.66666674613953,5,1,1,1.03896105289459,0,0.961386263370514,1,3,650
"2539",2,0,1,0,4.33333349227905,3.66666674613953,4,0,1,0.857142865657806,0,0.961386263370514,1,4,657
"2540",1,1,1,0,4,3,2.33333325386047,0,1,0.724409461021423,0,0.961386263370514,1,3,417
"2541",3,0,1,0,5,3.33333325386047,5,0,1,1.05568754673004,0,0.961386263370514,1,4,526
"2542",3,0,1,0,3.33333325386047,2.33333325386047,5,1,1,1.03896105289459,0,0.961386263370514,1,4,245
"2543",2,1,1,0,4,3.66666674613953,4.33333349227905,0,1,0.961038947105408,0,0.961386263370514,1,4,509
"2544",3,0,1,0,4.66666650772095,4.33333349227905,4.33333349227905,1,1,1.01910829544067,0,0.961386263370514,1,1,1391
"2545",1,0,1,0,5,4,4,1,1,1.01807069778442,0,0.961386263370514,1,1,1154
"2546",2,0,1,0,2.33333325386047,2.66666674613953,4,1,1,1,0,0.961386263370514,1,3,506
"2547",2,0,1,0,4.33333349227905,3,5,1,1,1,0,0.961386263370514,1,4,161
"2548",1,0,1,0,3.66666674613953,3.33333325386047,4.33333349227905,1,1,0.902255654335022,0,0.961386263370514,1,3,70
"2549",2,0,1,0,4,2.33333325386047,5,0,1,1.01910829544067,0,0.961386263370514,1,1,1266
"2550",1,0,1,0,2.33333325386047,2,5,1,1,1.03937005996704,0,0.961386263370514,1,4,707
"2551",3,1,1,0,3,2.66666674613953,5,1,0,0.942675173282623,0,0.961386263370514,1,4,1
"2552",1,1,1,0,3.66666674613953,2.66666674613953,4.66666650772095,0,1,0.897959172725677,0,0.961386263370514,1,4,645
"2553",2,0,1,0,5,3.33333325386047,5,1,1,0.949640274047852,0,0.961386263370514,1,4,435
"2554",2,1,1,0,2.33333325386047,2,5,0,1,1.03448271751404,0,0.961386263370514,1,4,544
"2555",2,1,1,0,1.66666662693024,2,5,0,0,1.01538455486298,0,0.961386263370514,1,3,763
"2556",2,0,1,0,3,2.66666674613953,5,1,1,1.01910829544067,0,0.961386263370514,1,3,519
"2557",1,1,1,0,3.66666674613953,3,5,1,0,1.01910829544067,0,0.961386263370514,1,1,1295
"2558",1,0,1,0,4.33333349227905,4.33333349227905,4,1,1,0.958797633647919,0,0.961386263370514,1,4,659
"2559",3,0,1,0,1,1.66666662693024,5,0,1,0.923076927661896,0,0.961386263370514,1,4,29
"2560",1,1,1,0,2.33333325386047,2.66666674613953,5,0,1,0.911098837852478,0,0.961386263370514,1,4,911
"2561",3,0,1,0,4,3,4.66666650772095,1,1,1,0,0.961386263370514,1,4,1219
"2562",2,1,1,0,1,1.66666662693024,4.66666650772095,0,1,1.02097129821777,0,0.961386263370514,1,3,661
"2563",2,1,1,0,2.33333325386047,1.66666662693024,5,0,1,1.08029198646545,0,0.961386263370514,1,3,662
"2564",1,1,1,0,2,2.66666674613953,4.33333349227905,0,1,0.952380955219269,0,0.961386263370514,1,3,537
"2565",1,0,1,0,4.66666650772095,4,4.33333349227905,1,1,NA,0,0.961386263370514,1,4,1068
"2566",3,0,1,0,3.33333325386047,2.66666674613953,5,1,1,1.02325582504272,0,0.961386263370514,1,3,700
"2567",2,1,1,0,1,1.66666662693024,4.66666650772095,0,0,0.947368443012238,0,0.961386263370514,1,3,548
"2568",1,0,1,0,2.33333325386047,2.33333325386047,3,0,1,0.900000035762787,0,0.961386263370514,1,4,525
"2569",2,0,1,0,4,3.66666674613953,4,1,1,0.942857146263123,0,0.961386263370514,1,4,641
"2570",2,1,1,0,2.66666674613953,2.33333325386047,4.66666650772095,1,1,0.961038947105408,0,0.961386263370514,1,3,491
"2571",2,0,1,0,4.66666650772095,3.66666674613953,4.33333349227905,1,1,0.965301334857941,0,0.961386263370514,1,4,106
"2572",1,1,1,0,3,1.66666662693024,5,0,1,1.0093457698822,0,0.961386263370514,1,4,752
"2573",2,1,1,0,1.66666662693024,2.33333325386047,3,0,0,0.95575225353241,0,0.991105973720551,1,1,683
"2574",1,0,1,0,2.66666674613953,2.33333325386047,1.66666662693024,1,1,0.948717951774597,0,0.991105973720551,1,1,531
"2575",1,0,1,0,4.33333349227905,3.33333325386047,5,1,1,1,0,0.991105973720551,1,1,1071
"2576",1,0,1,0,4.33333349227905,3,5,1,1,1.03896105289459,0,0.991105973720551,1,1,1219
"2577",3,0,1,0,3,2.33333325386047,5,0,1,1.03496503829956,0,0.991105973720551,1,1,988
"2578",1,0,1,0,4.66666650772095,4,4,1,1,1.00162422657013,0,0.991105973720551,1,1,659
"2579",3,0,1,0,2.66666674613953,2,5,1,1,1,0,0.991105973720551,1,1,1317
"2580",3,0,1,0,3.66666674613953,3.66666674613953,2.66666674613953,1,0,1.0518114566803,0,0.991105973720551,1,1,705
"2581",3,1,1,0,2,2,4.66666650772095,0,1,1,0,0.991105973720551,1,1,488
"2582",2,0,1,0,5,3.33333325386047,5,1,1,1.00680267810822,0,0.991105973720551,1,1,700
"2583",2,0,1,0,4.33333349227905,3.33333325386047,4.33333349227905,1,1,1,0,0.991105973720551,1,1,473
"2584",1,1,1,0,4.33333349227905,3,4,1,0,0.961038947105408,0,0.991105973720551,1,1,1066
"2585",2,0,1,0,4.33333349227905,4,3.33333325386047,1,1,0.942675173282623,0,0.991105973720551,1,1,670
"2586",2,0,1,0,4.33333349227905,4,3.66666674613953,1,1,1,0,0.991105973720551,1,1,1154
"2587",1,0,1,0,4.33333349227905,4,4,1,1,1.01910829544067,0,0.991105973720551,1,1,1391
"2588",1,1,1,0,3.66666674613953,2.33333325386047,5,1,0,1.01910829544067,0,0.991105973720551,1,1,1295
"2589",1,0,1,0,3.66666674613953,3.66666674613953,4.33333349227905,1,0,0.942675173282623,0,0.991105973720551,1,1,1234
"2590",2,0,1,0,3.33333325386047,2.66666674613953,5,0,1,0.916666626930237,0,0.991105973720551,1,1,750
"2591",3,0,0,0,3.66666674613953,2.66666674613953,5,1,1,1,1,0.970035433769226,1,2,125
"2592",1,0,0,0,4.33333349227905,4.33333349227905,5,1,1,NA,1,0.970035433769226,1,2,1178
"2593",2,0,0,0,5,4,4,1,1,1.03896105289459,1,0.970035433769226,1,2,13
"2594",1,0,0,0,4.33333349227905,3.33333325386047,5,1,1,NA,1,0.970035433769226,1,2,1048
"2595",1,0,0,0,4.66666650772095,4,4.33333349227905,0,1,1.52112674713135,1,0.970035433769226,1,1,1218
"2596",3,0,0,0,4,1.66666662693024,5,1,1,1.08843541145325,1,0.970035433769226,1,2,192
"2597",2,1,0,0,4.33333349227905,2.66666674613953,5,0,1,1.02777779102325,1,0.970035433769226,1,2,231
"2598",1,0,0,0,4,3,5,1,1,1.05960261821747,1,0.970035433769226,1,1,727
"2599",3,0,0,0,4,3,5,0,0,1.11278200149536,1,0.970035433769226,1,1,1261
"2600",3,0,0,0,1.66666662693024,2,5,1,1,NA,1,0.970035433769226,1,2,1242
"2601",2,1,0,0,2.33333325386047,2.33333325386047,4,1,0,1.03496503829956,1,0.970035433769226,1,1,1122
"2602",1,0,0,0,3.66666674613953,3,5,0,0,0.961038947105408,1,0.970035433769226,1,2,264
"2603",1,0,0,0,5,3.66666674613953,4.66666650772095,1,1,0.986666679382324,1,0.970035433769226,1,1,1272
"2604",2,0,0,0,3.66666674613953,3.33333325386047,4,0,0,0.986666679382324,1,0.970035433769226,1,1,1292
"2605",3,0,0,0,1.33333337306976,2,4.66666650772095,1,1,0.958797633647919,1,0.970035433769226,1,1,901
"2606",1,1,0,0,3.33333325386047,4.33333349227905,4.33333349227905,0,1,0.812127768993378,1,0.970035433769226,1,2,363
"2607",2,0,0,0,3.33333325386047,3.33333325386047,4.33333349227905,1,1,NA,1,0.970035433769226,1,2,1208
"2608",3,0,0,0,2,2,4.66666650772095,1,1,NA,1,0.970035433769226,1,2,1054
"2609",1,0,0,0,2.66666674613953,2,5,0,1,NA,1,0.970035433769226,1,2,1170
"2610",1,0,0,0,2.66666674613953,2.66666674613953,4.33333349227905,1,1,NA,1,0.970035433769226,1,2,1226
"2611",3,0,0,0,3.66666674613953,3,5,0,1,0.916666626930237,1,0.970035433769226,1,2,343
"2612",1,0,0,0,4.33333349227905,4.33333349227905,4,1,1,NA,1,0.970035433769226,1,2,853
"2613",2,1,0,0,3,3.66666674613953,3.66666674613953,1,1,0.857142865657806,1,0.970035433769226,1,2,134
"2614",2,0,0,0,5,4.33333349227905,2,0,0,0.765957474708557,1,0.970035433769226,1,2,267
"2615",2,0,0,0,3.66666674613953,2.66666674613953,5,1,1,NA,1,0.970035433769226,1,2,964
"2616",2,0,0,0,5,4.33333349227905,4.33333349227905,0,1,0.862745106220245,1,0.970035433769226,1,1,867
"2617",1,0,0,0,2,2.33333325386047,5,1,1,0.916666626930237,1,0.970035433769226,1,1,1345
"2618",2,0,0,0,4.66666650772095,4,4,0,1,1.08843541145325,1,0.970035433769226,1,1,1152
"2619",3,1,0,0,4.66666650772095,3.33333325386047,5,0,1,NA,1,0.970035433769226,1,2,957
"2620",3,0,0,0,2,2.33333325386047,5,1,0,1.01910829544067,1,0.970035433769226,1,2,36
"2621",2,0,0,0,4,2.66666674613953,5,1,1,NA,1,0.970035433769226,1,2,1148
"2622",3,0,0,0,3,2.66666674613953,5,1,1,1.04575169086456,1,0.970035433769226,1,2,104
"2623",1,1,0,0,3.33333325386047,2.66666674613953,4.33333349227905,0,1,0.948717951774597,1,0.970035433769226,1,1,1115
"2624",1,0,0,0,4.66666650772095,3.33333325386047,5,0,1,1.01910829544067,1,0.970035433769226,1,2,336
"2625",1,1,0,0,4.66666650772095,4.33333349227905,3.66666674613953,0,1,1,1,0.970035433769226,1,1,1157
"2626",2,0,0,0,3,2.66666674613953,4.33333349227905,1,1,NA,1,0.970035433769226,1,2,1243
"2627",1,0,0,0,5,3.33333325386047,5,1,1,0.956814050674438,1,0.970035433769226,1,2,88
"2628",3,0,0,0,4,2.66666674613953,5,1,1,NA,1,0.970035433769226,1,2,974
"2629",2,0,0,0,1.33333337306976,1.66666662693024,5,1,1,0.9453244805336,1,0.970035433769226,1,1,1371
"2630",2,0,0,0,3,1.66666662693024,5,0,1,0.949640274047852,1,0.970035433769226,1,2,126
"2631",3,0,0,0,3.66666674613953,3.33333325386047,5,1,1,1,1,0.970035433769226,1,1,1289
"2632",1,0,0,0,5,4.33333349227905,4.33333349227905,1,1,NA,1,0.970035433769226,1,2,1378
"2633",1,0,0,0,2.66666674613953,3.33333325386047,3.33333325386047,0,1,0.25,1,0.970035433769226,1,1,1384
"2634",2,0,0,0,2.66666674613953,2.33333325386047,5,1,0,NA,1,0.970035433769226,1,2,989
"2635",1,0,0,0,4.66666650772095,3.33333325386047,5,1,1,NA,1,NA,1,2,622
"2636",3,0,0,0,1.33333337306976,2.33333325386047,3.66666674613953,1,1,NA,1,NA,1,2,978
"2637",3,0,0,0,2.66666674613953,2.33333325386047,5,1,1,NA,1,NA,1,2,991
"2638",1,0,0,0,3.33333325386047,2.66666674613953,5,0,1,NA,1,NA,1,2,1186
"2639",2,1,0,0,4,2.66666674613953,5,0,1,NA,1,NA,1,2,1060
"2640",2,0,0,0,3.33333325386047,3,5,1,1,NA,1,NA,1,2,1285
"2641",1,0,0,0,3.33333325386047,3.33333325386047,4.33333349227905,1,0,NA,1,NA,1,2,1309
"2642",2,0,0,0,4.66666650772095,3.66666674613953,4,1,1,NA,1,NA,1,2,842
"2643",1,0,0,0,3.33333325386047,3,4.33333349227905,1,1,NA,1,NA,1,3,1285
"2644",2,0,0,0,3,2.66666674613953,5,1,0,NA,1,NA,1,2,1269
"2645",1,1,0,0,1.66666662693024,2,5,0,0,NA,1,NA,1,3,312
"2646",2,0,0,0,4.66666650772095,4.33333349227905,4,1,1,NA,1,NA,1,3,1035
"2647",3,0,0,0,2.66666674613953,2.66666674613953,5,1,0,NA,1,NA,1,3,1182
"2648",1,1,0,0,2.33333325386047,2.33333325386047,5,1,1,NA,1,NA,1,2,883
"2649",1,0,0,0,1.66666662693024,2.33333325386047,3,0,1,NA,1,NA,1,3,1074
"2650",1,0,0,0,2.66666674613953,2.33333325386047,5,1,1,NA,1,NA,1,2,1039
"2651",2,0,0,0,3.66666674613953,3,5,0,1,NA,1,NA,1,2,1067
"2652",1,0,0,0,4.33333349227905,3.33333325386047,5,1,1,NA,1,NA,1,3,1149
"2653",1,0,0,0,1,1.66666662693024,5,0,0,NA,1,NA,1,3,532
"2654",2,0,0,0,4,3.33333325386047,2.66666674613953,1,1,NA,1,NA,1,3,827
"2655",2,0,0,0,4,3,5,1,1,NA,1,NA,1,2,506
"2656",2,0,0,0,3.66666674613953,2.66666674613953,1,1,1,0.941715478897095,1,0.977878749370575,2,1,1381
"2657",1,1,0,0,3.66666674613953,4.33333349227905,3.33333325386047,1,1,0.857142865657806,1,0.977878749370575,2,1,1342
"2658",3,0,0,0,4.33333349227905,2.66666674613953,5,0,1,1,1,0.977878749370575,2,1,934
"2659",2,0,0,0,1,1.66666662693024,5,1,1,1.01807069778442,1,0.977878749370575,2,2,1381
"2660",2,0,0,0,4,4.33333349227905,2.66666674613953,1,1,0.833333313465118,1,0.977878749370575,2,1,1038
"2661",3,0,0,0,4.66666650772095,4.33333349227905,3.33333325386047,0,1,1.04575169086456,1,0.977878749370575,2,2,1103
"2662",2,0,0,0,5,4.66666650772095,3.66666674613953,1,1,1.06666672229767,1,0.977878749370575,2,2,843
"2663",3,0,0,0,5,4.33333349227905,4,1,0,1,1,0.977878749370575,2,2,1134
"2664",2,1,0,0,4,2.66666674613953,5,1,0,1.06666672229767,1,0.977878749370575,2,2,1198
"2665",2,1,0,0,3.66666674613953,2.66666674613953,5,1,0,0.970588207244873,1,0.977878749370575,2,2,1420
"2666",1,1,0,0,3.33333325386047,4.33333349227905,3.33333325386047,1,0,1,1,0.977878749370575,2,2,1303
"2667",3,1,0,0,3.66666674613953,4.33333349227905,3.33333325386047,1,0,0.89552241563797,1,0.977878749370575,2,2,1358
"2668",1,0,0,0,4.33333349227905,3,5,0,0,1.06185293197632,1,0.977878749370575,2,2,1394
"2669",2,0,0,0,2.33333325386047,3,2.66666674613953,1,0,1.17647063732147,1,0.977878749370575,2,2,1237
"2670",2,0,0,0,3.66666674613953,3,5,1,1,0.968586385250092,1,0.977878749370575,2,2,469
"2671",1,1,0,0,5,4,1.33333337306976,1,1,0.986666679382324,1,0.977878749370575,2,2,1373
"2672",1,0,0,0,2.66666674613953,2.66666674613953,4,1,1,0.788321197032928,1,0.977878749370575,2,1,1191
"2673",3,0,0,0,1,1,1,1,1,1.04519772529602,1,0.977878749370575,2,2,1338
"2674",1,0,0,0,2.66666674613953,2.66666674613953,2.33333325386047,1,1,0.857142865657806,1,0.977878749370575,2,2,682
"2675",1,1,0,0,2.66666674613953,2.66666674613953,4.66666650772095,0,0,1.200119972229,1,1.10112822055817,2,1,326
"2676",1,0,0,0,3.66666674613953,3,2,1,1,1.02777779102325,1,1.10112822055817,2,3,681
"2677",3,1,0,0,1.66666662693024,2,5,0,0,1.08843541145325,1,1.10112822055817,2,3,27
"2678",1,0,0,0,2.66666674613953,2,5,1,0,1.1655011177063,1,1.10112822055817,2,3,993
"2679",2,1,0,0,3,2,5,1,1,0.980132460594177,1,1.10112822055817,2,3,1297
"2680",3,0,0,0,4.33333349227905,3,5,1,1,1.01910829544067,1,1.10112822055817,2,3,1415
"2681",2,0,0,0,2.33333325386047,2,5,1,1,1.33333337306976,1,1.10112822055817,2,3,221
"2682",2,1,0,0,4.66666650772095,4.33333349227905,4,0,1,1,1,1.10112822055817,2,1,880
"2683",3,0,0,0,2,2,5,0,1,1.08029198646545,1,1.10112822055817,2,3,725
"2684",1,0,0,0,3.33333325386047,3.33333325386047,5,1,1,1.06666672229767,1,1.10112822055817,2,1,995
"2685",1,0,0,0,4.33333349227905,3.33333325386047,2,1,1,1.06666672229767,1,1.10112822055817,2,3,234
"2686",3,1,0,0,3.33333325386047,1.66666662693024,5,0,1,1.29032254219055,1,1.10112822055817,2,1,760
"2687",3,1,0,0,4.33333349227905,2,5,1,1,1.2030074596405,1,1.10112822055817,2,1,324
"2688",3,0,0,0,1.66666662693024,1.66666662693024,5,1,1,1.03896105289459,1,1.10112822055817,2,3,235
"2689",2,0,0,0,4.33333349227905,3,1,1,1,NA,1,1.10112822055817,2,3,1254
"2690",2,0,0,0,4.66666650772095,3,4.33333349227905,1,0,NA,1,1.10112822055817,2,3,258
"2691",2,1,0,0,5,4.66666650772095,3,1,1,1,1,1.10112822055817,2,1,1299
"2692",1,1,0,0,1,1.66666662693024,5,1,0,1.23076927661896,1,1.10112822055817,2,3,623
"2693",2,1,0,0,3,2,5,1,0,1.11111116409302,1,1.10112822055817,2,3,545
"2694",1,1,0,0,2.33333325386047,2,5,0,1,1.1678831577301,1,1.10112822055817,2,1,684
"2695",2,0,0,0,3.66666674613953,2,5,0,1,1.14285719394684,1,1.10112822055817,2,1,821
"2696",3,0,0,0,2,2.66666674613953,4.66666650772095,1,1,1.25984251499176,1,1.10112822055817,2,3,281
"2697",2,0,0,0,3.66666674613953,4.33333349227905,3.33333325386047,1,1,1,1,1.10112822055817,2,1,1124
"2698",3,0,0,0,2,1.66666662693024,5,0,1,1,1,1.10112822055817,2,1,376
"2699",1,0,0,0,4.33333349227905,3.66666674613953,2.66666674613953,1,1,1.03896105289459,1,1.10112822055817,2,1,667
"2700",1,0,0,0,3.66666674613953,3.33333325386047,4,1,1,1.52577316761017,1,1.10112822055817,2,3,276
"2701",3,0,0,0,5,3.33333325386047,4,0,1,1,1,1.10112822055817,2,3,149
"2702",1,0,0,0,3,3,4,1,1,1.06666672229767,1,1.10112822055817,2,3,11
"2703",2,0,0,0,3,2.33333325386047,5,0,0,1.14285719394684,1,1.10112822055817,2,3,90
"2704",1,0,0,0,4.66666650772095,4.33333349227905,2,1,1,1,1,1.10112822055817,2,1,1193
"2705",1,0,0,0,4.33333349227905,3.66666674613953,4,1,1,1.04575169086456,1,1.10112822055817,2,3,322
"2706",1,0,0,0,3.33333325386047,3.66666674613953,3.66666674613953,1,1,1.01910829544067,1,1.10112822055817,2,1,1032
"2707",1,0,0,0,4,4.33333349227905,3,1,1,1.06666672229767,1,1.10112822055817,2,1,1286
"2708",2,0,0,0,4.66666650772095,4.66666650772095,2,1,1,1.01910829544067,1,1.10112822055817,2,1,1119
"2709",1,0,0,0,2.66666674613953,3,3.66666674613953,1,1,1.01910829544067,1,1.10112822055817,2,3,785
"2710",2,0,0,0,3,2,5,1,0,1.08843541145325,1,1.10112822055817,2,3,438
"2711",3,0,0,0,2.33333325386047,2,4,1,1,1.16535437107086,1,1.10112822055817,2,3,191
"2712",1,0,0,0,3.33333325386047,2.33333325386047,4.33333349227905,1,0,1.06666672229767,1,1.10112822055817,2,3,38
"2713",2,0,0,0,4,2.33333325386047,5,1,0,1.03896105289459,1,1.10112822055817,2,3,768
"2714",3,0,0,0,4,1.66666662693024,5,0,1,1.06666672229767,1,1.10112822055817,2,1,51
